VIN,Year,Make,Model,Trim,Odometer,SpecialPrice,ExteriorColor,InteriorColor,Transmission,PhotoURLs,WebAdDescription,EquipmentCode,LatestPhotoModifiedDate
JTMRFREV3ED094633,2014,Toyota,RAV4,XLE Sport Utility 4D,160800,10250,Red,,Automatic  6-Spd,https://imagesdl.dealercenter.net/1024/768/202601-e265a198ff64405f91612a135f593c41.jpg https://imagesdl.dealercenter.net/1024/768/202601-0ac3ce3399e04b368cd48173cd930419.jpg https://imagesdl.dealercenter.net/1024/768/202601-d4445eb54f1042688bebae7856731370.jpg https://imagesdl.dealercenter.net/1024/768/202601-5080f14a65324b11b0b67d682554a9a2.jpg https://imagesdl.dealercenter.net/1024/768/202601-31f785f6718d415cb511c737eb5afa9c.jpg https://imagesdl.dealercenter.net/1024/768/202601-a966283bb7ef486b9256e5951fb3b48d.jpg https://imagesdl.dealercenter.net/1024/768/202601-51f221e025ac44daaad003e924fd4a43.jpg https://imagesdl.dealercenter.net/1024/768/202601-83cfc171861a42aa8d6d0a4f83ecc71a.jpg https://imagesdl.dealercenter.net/1024/768/202601-3221249f5af342db8505edd89861affc.jpg https://imagesdl.dealercenter.net/1024/768/202601-da2d289d41444330b4e64e7b9b893bb6.jpg https://imagesdl.dealercenter.net/1024/768/202601-aa0743aa8fd4463eaaa5fb528e4eb886.jpg https://imagesdl.dealercenter.net/1024/768/202601-ce5749013f1c49b5a5f9f44d6a2e9277.jpg https://imagesdl.dealercenter.net/1024/768/202601-1d43abad5b8d4b97b135da24fd317919.jpg https://imagesdl.dealercenter.net/1024/768/202601-6e51e2610117407eb84d18ffae734566.jpg https://imagesdl.dealercenter.net/1024/768/202601-b691fb60956e479190ed4212930b451b.jpg https://imagesdl.dealercenter.net/1024/768/202601-16953e6151544614aa077ad85cc2333e.jpg https://imagesdl.dealercenter.net/1024/768/202601-98e984d016be4b9da2daab16b6775d44.jpg https://imagesdl.dealercenter.net/1024/768/202601-1a6ea63f89c74d3983a5d6aecdf65bf3.jpg https://imagesdl.dealercenter.net/1024/768/202601-79041877a611414d8a02caa06ef09992.jpg https://imagesdl.dealercenter.net/1024/768/202601-56f3502e2e0c4288935ca20c440d4a22.jpg https://imagesdl.dealercenter.net/1024/768/202601-5fec9d32d2a1480ea1b6c458a2baab7a.jpg https://imagesdl.dealercenter.net/1024/768/202601-3e181e6e8d954d91a0fa6946864dd837.jpg https://imagesdl.dealercenter.net/930/768/202601-bc80d588199749bd9e1fa7c8031966e5.jpg,2014 Toyota RAV4 XLE AWD1 Owner  Clean titleRuns and drives great2 keys and remote startBuilt in JapanBack up cameraGood tires Oem rimsSunroofClean interior and exteriorProfessionally detailedNeeds nothing  ready to go,Dual Air Bags CD/MP3 (Single Disc) Fog Lights Moon Roof Side Air Bags Cruise Control Rear Spoiler Knee Air Bags Tilt & Telescoping Wheel SiriusXM Satellite Alloy Wheels Power Steering Air Conditioning Power Windows Stability Control F&R Head Curtain Air Bags AWD AM/FM Stereo Entune Automatic 6-Spd ABS (4-Wheel) Daytime Running Lights Backup Camera 4-Cyl 2.5 Liter Traction Control Keyless Entry Bluetooth Wireless Power Door Locks,1/14/2026 6:25:34 PM
JTDJTUD38CD514425,2012,Toyota,Yaris,L Hatchback 3D,120280,5400,White,,Automatic  4-Spd,https://imagesdl.dealercenter.net/1024/768/202601-6f6c607712174330adcd6955cd1b7c85.jpg https://imagesdl.dealercenter.net/1024/768/202601-4a65121fb4bc48a9a23d717d7960ee8c.jpg https://imagesdl.dealercenter.net/1024/768/202601-fc4d1d4960ed40579879aeee88466db0.jpg https://imagesdl.dealercenter.net/1024/768/202601-da5e78bc6cfc4a259c9a13a542e787e0.jpg https://imagesdl.dealercenter.net/1024/768/202601-c64aca1b076a428dbb0421e583b13600.jpg https://imagesdl.dealercenter.net/1024/768/202601-c1c86f9b4d7e4ea489d09b2414e0dec3.jpg https://imagesdl.dealercenter.net/1024/768/202601-19ac888fedf24251ac0bf2617b930086.jpg https://imagesdl.dealercenter.net/1024/768/202601-e3b4aa4f2b9f4ef086329970c8b6a416.jpg https://imagesdl.dealercenter.net/1024/768/202601-1072b305258541f7a0b2f31f94485282.jpg https://imagesdl.dealercenter.net/1024/768/202601-a9fb2e61483f4317988c2abe1d216166.jpg https://imagesdl.dealercenter.net/1024/768/202601-e29838a0bb7b4313bd06a204944a9c84.jpg https://imagesdl.dealercenter.net/1024/768/202601-1fe720f1e9c74461b71a81981571c250.jpg https://imagesdl.dealercenter.net/1024/768/202601-b45576ec27c6497a9832b29466bc624d.jpg https://imagesdl.dealercenter.net/1024/768/202601-8d105a72708d4830be853be39c43873f.jpg https://imagesdl.dealercenter.net/1024/768/202601-d400b757574c42289845a9fb3b5bbe4c.jpg https://imagesdl.dealercenter.net/1024/768/202601-edfcdf1f88f241388c315b18c3270214.jpg https://imagesdl.dealercenter.net/930/768/202601-a83efd52836540b0a315d358d50c7147.jpg https://imagesdl.dealercenter.net/1024/768/202601-8f33e73f0e65499bb7bb2ce4f7d652ae.jpg https://imagesdl.dealercenter.net/1024/768/202601-d9dd83c82f7243f190e33bb56c00aca0.jpg https://imagesdl.dealercenter.net/1024/768/202601-ee641a51e1b0405ebda3f9393cd1b20a.jpg https://imagesdl.dealercenter.net/1024/768/202601-c4d9cff18af445a69302a497a1c02ef9.jpg https://imagesdl.dealercenter.net/1024/768/202601-921ecd8d228e4e2185a36de38dfabdb3.jpg,2012 Toyota Yaris1 ownerClean title ?Very well maintainedProfessionally detailed interior and exteriorNice paintReliable and affordable small size vehicleGas saverNew 12v batteryReady to go,F&R Head Curtain Air Bags Traction Control Side Air Bags Stability Control Dual Air Bags Power Door Locks Air Conditioning Tilt Wheel Steel Wheels AM/FM Stereo FWD ABS (4-Wheel) Automatic 4-Spd Power Steering Knee Air Bags CD/MP3 (Single Disc) 4-Cyl 1.5 Liter,1/14/2026 6:15:33 PM
1G1ZK57798F213063,2008,Chevrolet,Malibu,LTZ Sedan 4D,79710,6300,Red,,Automatic  6-Spd w/Overdrive,https://imagesdl.dealercenter.net/1024/768/202601-be6d42b2c9e948a2be7454275ac6214b.jpg https://imagesdl.dealercenter.net/1024/768/202601-86fcf83042f54c0abd6f869a8fbbaf9d.jpg https://imagesdl.dealercenter.net/1024/768/202601-4913a4a5b8104a4eb41f85e236e3f67a.jpg https://imagesdl.dealercenter.net/1024/768/202601-1138d9893a564c54bb93df9c6928e21b.jpg https://imagesdl.dealercenter.net/1024/768/202601-6af4531b52f3436995da998ce4a5251e.jpg https://imagesdl.dealercenter.net/1024/768/202601-5722378f188d44dbaf321c51cfeb7406.jpg https://imagesdl.dealercenter.net/1024/768/202601-44118a05afbc48ff8bbc5883ed733b17.jpg https://imagesdl.dealercenter.net/1024/768/202601-64e1971077f74de4855301a5fc5f0d54.jpg https://imagesdl.dealercenter.net/1024/768/202601-23d8026e800647c29c05b56eede66d92.jpg https://imagesdl.dealercenter.net/1024/768/202601-72d768f7f0fd432e9b25c74b37bacb79.jpg https://imagesdl.dealercenter.net/1024/768/202601-0156885394b94d6facc9c7994ead74ef.jpg https://imagesdl.dealercenter.net/1024/768/202601-92ea8eb76e56477c946949ed30785071.jpg https://imagesdl.dealercenter.net/1024/768/202601-8c1bbe3af2f3480d988c9a773ddb7012.jpg https://imagesdl.dealercenter.net/1024/768/202601-43783fec75234a3c86c75061f2f35e34.jpg https://imagesdl.dealercenter.net/1024/768/202601-07458c9df0af48b2a78bec4a8e8ca4b0.jpg https://imagesdl.dealercenter.net/1024/768/202601-3d5c11fa39b6453a82aa7177485c42de.jpg,Chevy Malibu in great shapePrior Certified Pre-OwnedClean title  no accident reported ?Low miles only 79kRuns and drives goodHeated electronic leather seatsClean interior and exteriorGood looking Oem wheels and good tiresNeeds nothing  ready to goV6 strong built engineFeel free to check in person or show it to your mechanic,Air Conditioning Power Steering Dual Air Bags CD/MP3 (Multi Disc) Anti-Theft System Automatic 6-Spd w/Overdrive StabiliTrak Dual Power Seats FWD AM/FM Stereo Cruise Control Power Door Locks Leather Traction Control Premium Sound Power Windows V6 3.6 Liter Side Air Bags Alloy Wheels ABS (4-Wheel) Tilt Wheel OnStar Moon Roof Fog Lights,1/14/2026 4:30:44 PM
JTDKB20U883404191,2008,Toyota,Prius,Hatchback 4D,185299,3911,Silver,,Automatic  CVT,https://imagesdl.dealercenter.net/1024/768/202601-aca51f0480b149c584402b810efdff4a.jpg https://imagesdl.dealercenter.net/1024/768/202601-0bd77e1e6d934bad84c25594297084a3.jpg https://imagesdl.dealercenter.net/1024/768/202601-0ed6016cc77848f48a3af7657cf3e686.jpg https://imagesdl.dealercenter.net/1024/768/202601-db60c8a286f44c62a75dd3b712b67b57.jpg https://imagesdl.dealercenter.net/1024/768/202601-c8224742ec6e4b94b2f596ff7e00986a.jpg https://imagesdl.dealercenter.net/1024/768/202601-e803e9a09194405e81320bef8ef8a4ec.jpg https://imagesdl.dealercenter.net/1024/768/202601-5ffd2949885a4533a5a85c22182dcfc6.jpg https://imagesdl.dealercenter.net/1024/768/202601-5bbb49939612402eb8ec6d2020e0d097.jpg https://imagesdl.dealercenter.net/1024/768/202601-ad9b4d40418546dbb9946b47009ba3fc.jpg https://imagesdl.dealercenter.net/1024/768/202601-51d26f1551594a2f8ff96daa7204e5e1.jpg https://imagesdl.dealercenter.net/1024/768/202601-109b4da3bd0a40f98e876c3b2c4e5d9c.jpg https://imagesdl.dealercenter.net/1024/768/202601-d870016a47c54b00a5cb95eb8e693186.jpg https://imagesdl.dealercenter.net/1024/768/202601-fcea21891bcd48d69a5148cd8a1c6edf.jpg,2008 Toyota PriusClean title ?Strong engine  transmission and hybrid battery. Runs and drives goodGas saver hybrid ride  45 miles per gallonReady to goFeel free to check in person or show it to your mechanic,ABS (4-Wheel) Rear Spoiler 4-Cyl Hybrid 1.5 Liter Keyless Entry Alloy Wheels Dual Air Bags F&R Head Curtain Air Bags CD/MP3 (Single Disc) Power Steering Air Conditioning Side Air Bags Hill Ascent Control Anti-Theft System Power Windows Cruise Control Automatic CVT AM/FM Stereo Power Door Locks FWD Traction Control Tilt Wheel,1/14/2026 4:21:12 PM
4T1BE46K77U516333,2007,Toyota,Camry,CE Sedan 4D,141148,4800,Grey,,Automatic,https://imagesdl.dealercenter.net/1024/768/202601-a777fb8ddb724de481a05feef5b8baa1.jpg https://imagesdl.dealercenter.net/1024/768/202601-0dbe06a56e3c4be1a480a4ad1257b702.jpg https://imagesdl.dealercenter.net/1024/768/202601-af9cdf93efea44bf80c88374db266ddc.jpg https://imagesdl.dealercenter.net/1024/768/202601-c204a3e6c7654ef9a5e2096456b806f5.jpg https://imagesdl.dealercenter.net/1024/768/202601-aaebf4bebf0f40bb9cec20c69da30256.jpg https://imagesdl.dealercenter.net/1024/768/202601-1fe1bd3b07094197907af334bfbba11d.jpg https://imagesdl.dealercenter.net/1024/768/202601-b625d997d42d49bb8dc85e15cf20c319.jpg https://imagesdl.dealercenter.net/1024/768/202601-f5a5edb745964fa79cf92c81ad0b6dbb.jpg https://imagesdl.dealercenter.net/1024/768/202601-c91b7f9bd7ab464facd81d76230fd568.jpg https://imagesdl.dealercenter.net/1024/768/202601-1ea0a31775a946978edd5c3594009ff5.jpg https://imagesdl.dealercenter.net/1024/768/202601-599c3cc1e60d495181827268d48a3ed4.jpg https://imagesdl.dealercenter.net/1024/768/202601-63f7ab65f0b344b0a9e628e62e347179.jpg https://imagesdl.dealercenter.net/930/768/202601-fa47b13195704e118129608985201718.jpg,Toyota CamryPrior certified pre owned vehicleClean title and clean carfax ?No accident reportedJapan build  reliable  spacious full size sedanRuns and drives goodGood tires ??Feel free to check in person or show it to your mechanic ,Air Conditioning Dual Air Bags AM/FM Stereo CD/MP3 (Single Disc) Steel Wheels Power Windows Tilt Wheel ABS (4-Wheel) Cruise Control FWD Automatic Cassette Power Door Locks 4-Cyl 2.4 Liter Traction Control Power Steering Side Air Bags,1/14/2026 3:41:21 PM
JN8AZ2NE8J9191680,2018,INFINITI,QX80,Sport Utility 4D,145000,15600,Blue,,Auto  7-Spd Rev Matching,https://imagesdl.dealercenter.net/1024/768/202601-27926b3eebb5494187e02f352c68803e.jpg https://imagesdl.dealercenter.net/1024/768/202601-b1e36e2fde5948d198f785ad34cc5914.jpg https://imagesdl.dealercenter.net/1024/768/202601-59694a82801c43c89dfea15f745994c5.jpg https://imagesdl.dealercenter.net/1024/768/202601-368095cf179f4e988d757768001a42a6.jpg https://imagesdl.dealercenter.net/1024/768/202601-a8a834827b114352b7e961e4c073173e.jpg https://imagesdl.dealercenter.net/1024/768/202601-c0c025c8b5f94be7b2535a1bf29d83e0.jpg https://imagesdl.dealercenter.net/1024/768/202601-64c328d757bd4f4485bc96e564e8f03e.jpg https://imagesdl.dealercenter.net/1024/768/202601-a0fbd9ca58684e2884644ff40449a016.jpg https://imagesdl.dealercenter.net/1024/768/202601-d498a71ba4de43f59777eb639ec0d946.jpg https://imagesdl.dealercenter.net/1024/768/202601-40afc72b0a1b4e0cbd48214c7d364bb6.jpg https://imagesdl.dealercenter.net/1024/768/202601-8f7819db622449268e8c65305fdd9500.jpg https://imagesdl.dealercenter.net/1024/768/202601-c7692dee5169440f87a6526b817ffcc7.jpg https://imagesdl.dealercenter.net/1024/768/202601-e4f13ea85b9d4b368aa7c2172df8150f.jpg https://imagesdl.dealercenter.net/1024/768/202601-7965defa9aef42f8a2395830223c679a.jpg https://imagesdl.dealercenter.net/1024/768/202601-bfa832acaa7f42cdbec0113a9647ce0a.jpg https://imagesdl.dealercenter.net/1024/768/202601-8131b03231394566bb85c9422d033f26.jpg https://imagesdl.dealercenter.net/1024/768/202601-ca401126ec52443887fdeed8fe7ab48e.jpg https://imagesdl.dealercenter.net/1024/768/202601-e4befbb09a0f4bc89e2641fefd9d8a47.jpg https://imagesdl.dealercenter.net/1024/768/202601-aa122b5a49a94a0b9f932891484b6a14.jpg https://imagesdl.dealercenter.net/1024/768/202601-6fcc20a31f0441c69fe25bbb1d6600e6.jpg https://imagesdl.dealercenter.net/1024/768/202601-c87ced1da2c8409bade518b221e9a2d2.jpg https://imagesdl.dealercenter.net/1024/768/202601-fc72ea60dbcb469bb4aed3ca8dd14ca7.jpg https://imagesdl.dealercenter.net/1024/768/202601-9332ed9fe33d4d248851ff4bd5c48bf1.jpg https://imagesdl.dealercenter.net/1024/768/202601-4ba14254b32741c387d3c4bec39898fd.jpg https://imagesdl.dealercenter.net/930/768/202601-fe938e18a65a4f73ba36f3fafb7a729a.jpg,2018 Infiniti QX80Clean title  clean carfaxNo accident reported2 owners Very well maintainedProfessionally detailed interior and exteriorElectronic heated-cooled leather seatsHeated steering wheelTowing mode  snow mode4X4 great ride for winterPrior certified pre owned vehicle7 seater comfortable spacious 3rd rowPersonalized rear seat entertainment systemBluetooth connection  dual climate controlRear climate control  sunroof  push start  2 keysReady to goV8 5.7 reliable engine,Bose Premium Sound F&R Head Curtain Air Bags Push Button Start Power Door Locks Bluetooth Wireless Power Liftgate Release Side Air Bags Fog Lights 4WD F&R Parking Sensors Driver Assistance Pkg Traction Control Keyless Entry Air Conditioning Rear Rear Spoiler AM/FM Stereo Oversized Premium Wheels 20+ Blind-Spot Warning System Auto 7-Spd Rev Matching V8 5.6 Liter Towing Pkg Vehicle Dynamic Control Dual Power Seats Dual Air Bags Tilt & Telescoping Wheel Around View Monitor Air Conditioning Quad Seating (4 Buckets) Hill Start Assist Control Alarm System Moon Roof Power Steering Roof Rack Lane Departure Warning System CD/MP3 (Single Disc) Intelligent Cruise Control ABS (4-Wheel) Navigation System Heated Seats Power Windows Leather Running Boards SiriusXM Satellite,1/14/2026 4:45:39 PM
5FNRL5H66BB090358,2011,Honda,Odyssey,EX-L Minivan 4D,159900,6800,Black,,Automatic  5-Spd w/Overdrive,https://imagesdl.dealercenter.net/1024/768/202601-dad0aa86e3be4e8b93b5e42fab9a83f9.jpg https://imagesdl.dealercenter.net/1024/768/202601-65dfab7078fa4a44b23a9e04f5cf7eb4.jpg https://imagesdl.dealercenter.net/1024/768/202601-d16b9d1eb87a48d0ad3d17d15fd23086.jpg https://imagesdl.dealercenter.net/1024/768/202601-067cdc6e88d343b59a20e30f91f3704a.jpg https://imagesdl.dealercenter.net/1024/768/202601-f54818c4792a419a95f5a827b53233f5.jpg https://imagesdl.dealercenter.net/1024/768/202601-8eef814651e34031ae0bc18c359026dd.jpg https://imagesdl.dealercenter.net/1024/768/202601-b1c0cbad90a34bc28abc1c8152ebdff7.jpg https://imagesdl.dealercenter.net/1024/768/202601-05c3ce1127584aec903746f19eef4904.jpg https://imagesdl.dealercenter.net/1024/768/202601-3a4029dfc2de4633bda4f3127632e1a1.jpg https://imagesdl.dealercenter.net/1024/768/202601-4d806cc3d1a442bda77b992b22a94f62.jpg https://imagesdl.dealercenter.net/1024/768/202601-2564a326f3a540caac72c48fd4898c35.jpg https://imagesdl.dealercenter.net/1024/768/202601-d5fb1354a9714838ba7d15e5cdd3caa8.jpg https://imagesdl.dealercenter.net/1024/768/202601-cb05bf5028c845278989ee015ddd607f.jpg https://imagesdl.dealercenter.net/1024/768/202601-2b98a1e21ec54a0681d6597659412af7.jpg https://imagesdl.dealercenter.net/1024/768/202601-51a1582c58714c2e8958392053861a6b.jpg https://imagesdl.dealercenter.net/1024/768/202601-f5e5ccd8c49e45c39874557bbb0f4693.jpg https://imagesdl.dealercenter.net/1024/768/202601-c7724ec53a604d699f068ca06b159be8.jpg https://imagesdl.dealercenter.net/1024/768/202601-e6e5b6dcb014418ba2d6948090afc615.jpg https://imagesdl.dealercenter.net/1024/768/202601-f8f64bd8e2be44a2b33525ce1de1f019.jpg https://imagesdl.dealercenter.net/1024/768/202601-df4371462a0e4f79a6a583aada8bb4ca.jpg https://imagesdl.dealercenter.net/1024/768/202601-4a28b3106cd74a1d8703566c664c609c.jpg,Honda Odyssey EX-LIn excellent shapeClean title  clean carfax ?Runs and drives greatGood tires  Oem rimsStrong engine and transmissionClean interiorSide doors are electronic and fully functionalHeated leather seats are in good conditionHas Bluetooth for phones  sunroof  back up camera  tow hitchNo lights on dashboardReady to go,Backup Camera Dual Air Bags Dual Power Seats Power Sliding Doors Heated Seats Air Conditioning ABS (4-Wheel) Automatic 5-Spd w/Overdrive XM Satellite Daytime Running Lights Moon Roof Bluetooth Wireless FWD 8-Passenger Seating Power Windows Cruise Control Power Steering AM/FM Stereo Third Row Seat Traction Control Leather Anti-Theft System V6 VTEC 3.5 Liter CD/MP3 (Multi Disc) Air Conditioning Rear Tilt & Telescoping Wheel Side Air Bags Stability Control F&R Head Curtain Air Bags Power Door Locks Keyless Entry,1/14/2026 10:35:37 PM
JTDKN3DU4C5440691,2012,Toyota,Prius,One Hatchback 4D,186900,6700,White,,Automatic  CVT,https://imagesdl.dealercenter.net/1024/768/202601-d27c3177dde442db8f1cdd5d86379104.jpg https://imagesdl.dealercenter.net/1024/768/202601-a6c3dc134d9f4ed9b575a0dc20022426.jpg https://imagesdl.dealercenter.net/1024/768/202601-5307b3a75e8049bb951c040f37f674bc.jpg https://imagesdl.dealercenter.net/1024/768/202601-85bcf250d9d9447998cc5fbeb1cfc712.jpg https://imagesdl.dealercenter.net/1024/768/202601-a92f1f366b8d4051b9c3ae85ed7ecd80.jpg https://imagesdl.dealercenter.net/1024/768/202601-0d1eb0923168497cbce3573924a36d65.jpg https://imagesdl.dealercenter.net/1024/768/202601-43d0bddee2af4dfabdb6e357392ddc48.jpg https://imagesdl.dealercenter.net/1024/768/202601-d2eebff283a247b8be9731105dd2aba2.jpg https://imagesdl.dealercenter.net/1024/768/202601-2d66e88ca31e484fbfc2954b35a6c607.jpg https://imagesdl.dealercenter.net/1024/768/202601-dee44d8b324e4577bb331a8b59bd9f50.jpg https://imagesdl.dealercenter.net/1024/768/202601-d2f1e555a6b042d0bf6dcdb51e7342cf.jpg https://imagesdl.dealercenter.net/1024/768/202601-93412bdedd604402a11dc5f1238b4564.jpg https://imagesdl.dealercenter.net/1024/768/202601-09b4b414a2f64370a4f8a78ac25f9bb9.jpg https://imagesdl.dealercenter.net/1024/768/202601-203ffdebad3c429d8b0e8327d13bf6ff.jpg https://imagesdl.dealercenter.net/1024/768/202601-f009afa42943430f9b85b5bdc80b616e.jpg https://imagesdl.dealercenter.net/1024/768/202601-7ba9c075ff2e4bbea78f55c6b5fc3e24.jpg https://imagesdl.dealercenter.net/1024/768/202601-bdcc2d0eec834f8cb43b2216d53a84d1.jpg https://imagesdl.dealercenter.net/1024/768/202601-4a4ef9bd621b43b08aa621bd1bdd91da.jpg https://imagesdl.dealercenter.net/1024/768/202601-c5219a05fa58430f86e3a3fd04ecd2ae.jpg https://imagesdl.dealercenter.net/1024/768/202601-de1fbcd935024bba937ffb0ff83685e3.jpg https://imagesdl.dealercenter.net/1021/768/202601-9644d5e044f041bb8f46c9f311266f8c.jpg,2012 Toyota Prius 1 Owner Clean title ?No accident Runs and drives good Strong engine transmission and hybrid batteryGreat gas saver with over 45 mpg Professionally detail cleaned interior and exterior Feel free to schedule a test drive now ,Air Conditioning ABS (4-Wheel) Daytime Running Lights Keyless Start Power Door Locks Bluetooth Wireless FWD Power Windows Rear Spoiler Anti-Theft System Side Air Bags 4-Cyl Hybrid 1.8 Liter F&R Head Curtain Air Bags Stability Control Dual Air Bags Automatic CVT Traction Control Alloy Wheels Tilt & Telescoping Wheel Power Steering,1/21/2026 3:53:57 PM
JTDKB20U693518031,2009,Toyota,Prius,Hatchback 4D,119652,5099,Black,,Automatic  CVT,https://imagesdl.dealercenter.net/1024/768/202601-d7ecee2ab0e248b9811ea23692a6c2b2.jpg https://imagesdl.dealercenter.net/1024/768/202601-922e77e23c2941289f57355aebb6c675.jpg https://imagesdl.dealercenter.net/1024/768/202601-8b9909aa4f4d471482105d2515545abe.jpg https://imagesdl.dealercenter.net/1024/768/202601-5c283b973d5d45f2a98a4697a2b332d7.jpg https://imagesdl.dealercenter.net/1024/768/202601-deb6db65e1df47a0a5ab0685e2eb1e7a.jpg https://imagesdl.dealercenter.net/1024/768/202601-f21a7a0d645740ddabd1354fd69886f6.jpg https://imagesdl.dealercenter.net/1024/768/202601-ee36d85806174219b80b13f6be9c75b6.jpg https://imagesdl.dealercenter.net/1024/768/202601-25790f1e3cbe4db7b0d94f4a1dab44e2.jpg https://imagesdl.dealercenter.net/1024/768/202601-507f489664ca493e935102ded5594d73.jpg https://imagesdl.dealercenter.net/1024/768/202601-ae173bbade6140968b5870020d1fec57.jpg https://imagesdl.dealercenter.net/1024/768/202601-b6d21dc9d0c04e468af43ff9fcb30016.jpg https://imagesdl.dealercenter.net/1024/768/202601-d4043c56c6354844b3bc9228edbad74d.jpg https://imagesdl.dealercenter.net/1024/768/202601-c92e6d43124b49118cb859d5dcd1e9bb.jpg https://imagesdl.dealercenter.net/1024/768/202601-222f1515fd8c46a7b9254531fc30ca3e.jpg https://imagesdl.dealercenter.net/1024/768/202601-094915db13aa477ea61feb5017c0fa41.jpg https://imagesdl.dealercenter.net/1024/768/202601-d7d3fb4a1d004945811d92c9cd8568a3.jpg https://imagesdl.dealercenter.net/1024/768/202601-0563869214ef48688c2e06b314768e34.jpg https://imagesdl.dealercenter.net/1024/768/202601-e43018075f3c471e8216d71a18638f96.jpg,2009 Toyota Prius with 119k miles onlyClean titleGreat gas saver hybrid ride45+mpgStrong engine  transmission and hybrid batteryRuns and drives goodGood tiresNew brakes last yearRegular oil changes and well maintainedProfessionally detailed interior and exteriorReady to goFeel free to schedule a test drive now,Cruise Control Hill Ascent Control Alloy Wheels AM/FM Stereo Automatic CVT ABS (4-Wheel) F&R Head Curtain Air Bags Rear Spoiler Side Air Bags Power Steering Tilt Wheel FWD Power Door Locks Air Conditioning Anti-Theft System Keyless Entry Dual Air Bags 4-Cyl Hybrid 1.5 Liter Power Windows CD/MP3 (Single Disc) Traction Control,1/14/2026 6:35:37 PM
JTDKN3DU3A0143793,2010,Toyota,Prius,I Hatchback 4D,132150,6990,Black,,Automatic  CVT,https://imagesdl.dealercenter.net/1024/768/202601-2d495a9740f74536a67d01f55a87e953.jpg https://imagesdl.dealercenter.net/768/768/202601-520673c82b8040aeacbf6cb87109f582.jpg https://imagesdl.dealercenter.net/1024/768/202601-51a4a85336da430b815550ad2ac85261.jpg https://imagesdl.dealercenter.net/1024/768/202601-f450558e633d4b2396ce46efa2a5a4f7.jpg https://imagesdl.dealercenter.net/1024/768/202601-6adb417a509d4b41be85f8b089b69650.jpg https://imagesdl.dealercenter.net/768/768/202601-217c6257bebc480fb41a2f60f29c1408.jpg https://imagesdl.dealercenter.net/1024/768/202601-8ecd601d1bc14d65a5d1174696456f80.jpg https://imagesdl.dealercenter.net/1024/768/202601-42c64fa039dc432190d88596d84e4826.jpg https://imagesdl.dealercenter.net/768/768/202601-80a2a70692a94764ba2c88e8fa1865a4.jpg https://imagesdl.dealercenter.net/1024/768/202601-8b078d48125d46d38d82f2060a73dd8a.jpg https://imagesdl.dealercenter.net/1024/768/202601-02be673f33c3404b8c23ebddee30cb58.jpg https://imagesdl.dealercenter.net/1024/768/202601-120911aa89b148ccbaf1fc60d4d7c89d.jpg https://imagesdl.dealercenter.net/768/768/202601-a65f6806fac742b9a75c3c94138e4c04.jpg https://imagesdl.dealercenter.net/768/768/202601-4f89eb83ee8941a68c1f358c7ea4f1f3.jpg https://imagesdl.dealercenter.net/1024/768/202601-ea44916fa120446ca6369d9b3c978c87.jpg https://imagesdl.dealercenter.net/768/768/202601-6212720897fb458ba828616428bce5ae.jpg https://imagesdl.dealercenter.net/1024/768/202601-4d6154c2acea4988b49bb4da068b8683.jpg,Toyota Prius with low milesVery well maintainedClean title and clean carfax no accident reported ?Runs and drives goodProfessionally detailed interior and exteriorGreat gas mileage 45+Strong engine  transmission and hybrid batteryFront bumper has some paint imperfections  it can be repainted if it bothersReady to go,Rear Spoiler Stability Control Side Air Bags Power Steering Traction Control CD/MP3 (Single Disc) Power Door Locks 4-Cyl Hybrid 1.8 Liter F&R Head Curtain Air Bags ABS (4-Wheel) Anti-Theft System Dual Air Bags Air Conditioning Keyless Start AM/FM Stereo Power Windows Alloy Wheels Automatic CVT Tilt & Telescoping Wheel FWD,1/15/2026 5:40:49 PM
2T3BF4DV8CW209829,2012,Toyota,RAV4,Sport Utility 4D,157250,7590,Silver,,Automatic  4-Spd,https://imagesdl.dealercenter.net/1024/768/202601-5a298007c6b94b729a867732bed7a5c6.jpg https://imagesdl.dealercenter.net/1024/768/202601-9213b68711a34720ab99a5fc0d452135.jpg https://imagesdl.dealercenter.net/1024/768/202601-f49a4a8cb9f7422c8dad19753a65fe62.jpg https://imagesdl.dealercenter.net/1024/768/202601-f8a46f176deb4427b15c469140b39bd9.jpg https://imagesdl.dealercenter.net/1024/768/202601-d3e52eb887a5449db0206233151783a7.jpg https://imagesdl.dealercenter.net/1024/768/202601-55745d87022843dc91a9fc833720347c.jpg https://imagesdl.dealercenter.net/1024/768/202601-e9e8aeb12cac4131a134c34ea949158a.jpg https://imagesdl.dealercenter.net/1024/768/202601-01692222232d4cda80f745e064aeef30.jpg https://imagesdl.dealercenter.net/1024/768/202601-c20a3cee39c84ea79e529a55e2e66e56.jpg https://imagesdl.dealercenter.net/1024/768/202601-c81795f4448e4c25ba1cfb4ff094836f.jpg https://imagesdl.dealercenter.net/1024/768/202601-7d11474acf26489298be6ed51d70be14.jpg https://imagesdl.dealercenter.net/1024/768/202601-d7ff140420144a94879d1ece90e3cc01.jpg https://imagesdl.dealercenter.net/1024/768/202601-7fc52352b58e4c41961e2a17d032ebab.jpg https://imagesdl.dealercenter.net/1024/768/202601-7589cbc89b354ee9afb1f2f90142b6cd.jpg https://imagesdl.dealercenter.net/727/768/202601-92447f099dbc4621a1e1e1e1a130b365.jpg,2012 Toyota RAV4All wheel driveClean title ?Extremely reliable  decent SUVRuns and drives goodClean interior and exteriorGood maintenance historyEverything works as it shouldNice looking oem alloy wheels and good tiresFeel free to come for a test drive or show it to your mechanic,F&R Head Curtain Air Bags Dual Air Bags Stability Control Power Steering Side Air Bags Power Windows AM/FM Stereo 4-Cyl 2.5 Liter 4WD Bluetooth Wireless Tilt & Telescoping Wheel Rear Spoiler ABS (4-Wheel) Anti-Theft System Air Conditioning CD/MP3 (Single Disc) Cruise Control Steel Wheels Power Door Locks Keyless Entry Automatic 4-Spd Traction Control,1/14/2026 4:40:40 PM
5TDZA23C25S354287,2005,Toyota,Sienna,CE Minivan 4D,138750,3990,Blue,,Automatic,https://imagesdl.dealercenter.net/1024/768/202601-3064b1e9cfc0403c9256a46fda80ca6e.jpg https://imagesdl.dealercenter.net/1024/768/202601-ead6b6a8f6234d8a8b77ca64e4c1de84.jpg https://imagesdl.dealercenter.net/1024/768/202601-8eb38dcf390b48a18380a356db7cd5ec.jpg https://imagesdl.dealercenter.net/1024/768/202601-3896961571154647934e81d47a247542.jpg https://imagesdl.dealercenter.net/1024/768/202601-2c885a51b9df49a58552c7caeb4b14d7.jpg https://imagesdl.dealercenter.net/1024/768/202601-195b7de0aa8a42998f779a76fe5e3ef2.jpg https://imagesdl.dealercenter.net/1024/768/202601-2b70fafdfcb84b4f9a7fcd70940de393.jpg https://imagesdl.dealercenter.net/1024/768/202601-15390f27b1d74360819f7faae1ccbd94.jpg https://imagesdl.dealercenter.net/1024/768/202601-4e6bba7dec3d4a028851004980a8098c.jpg https://imagesdl.dealercenter.net/1024/768/202601-59afa4dc54d1493fbda0a3b3f9055e74.jpg https://imagesdl.dealercenter.net/1024/768/202601-922da9d343d947268d7e15e91de87630.jpg https://imagesdl.dealercenter.net/1024/768/202601-e1bfeea861494ac4afdda28cc8e6f185.jpg https://imagesdl.dealercenter.net/1024/768/202601-6c671befd43341b093b70a1f9124d00e.jpg https://imagesdl.dealercenter.net/1024/768/202601-67a76e51a6974b97abb4bdb4e82b96ef.jpg https://imagesdl.dealercenter.net/1024/768/202601-d58965e1a70d40a8a61bdc445af61679.jpg https://imagesdl.dealercenter.net/1024/768/202601-f5199fe083244326b3e35248377f3780.jpg https://imagesdl.dealercenter.net/1014/768/202601-9ea47fa1f5044d60b6c3d0483eed72d8.jpg,Toyota SiennaClean title ?Runs and drives goodNo rust issuesGreat good years tires are onGood brakesStrong engine and transmissionListed for a great priceIt needs 02 sensorIt will pass state inspectionFeel free to check in person or bringing your mechanicGood condition for a 20 years old car but don't expect brand new van,ABS (4-Wheel) FWD Air Conditioning Rear AM/FM Stereo V6 3.3 Liter Power Door Locks Power Windows Traction Control Side Air Bags Power Seat Steel Wheels Tilt Wheel CD/MP3 (Single Disc) Dual Air Bags Air Conditioning Cruise Control 7-Passenger Seating Power Steering Automatic,1/14/2026 8:20:46 PM
WA1ECCFS3HR006657,2017,Audi,Q3,Premium Sport Utility 4D,121200,8500,Black,,Auto  6-Spd w/Tiptronic,https://imagesdl.dealercenter.net/1024/768/202601-5b50a731ed4c447db19f8e115f10dd6e.jpg https://imagesdl.dealercenter.net/1024/768/202601-51e796c1e87140d681f960b77519996f.jpg https://imagesdl.dealercenter.net/1024/768/202601-553f3a2a84f748bbbd4e97870e54b4c2.jpg https://imagesdl.dealercenter.net/1024/768/202601-f7bc8edb14d34163952f90d31077612f.jpg https://imagesdl.dealercenter.net/1024/768/202601-ae22b67484954adb8f18a52f0c13750a.jpg https://imagesdl.dealercenter.net/1024/768/202601-8713aab8bbe9498e9862ff22942bc572.jpg https://imagesdl.dealercenter.net/1024/768/202601-fa6859750c8e4bc89de39806c925f63b.jpg https://imagesdl.dealercenter.net/1024/768/202601-51e7ec732522416e903322fc97c699a9.jpg https://imagesdl.dealercenter.net/1024/768/202601-031d08af2c8249fda411e4921c69d1ac.jpg https://imagesdl.dealercenter.net/1024/768/202601-ddd6eb4412f045d0a1f7788c7b04f1da.jpg https://imagesdl.dealercenter.net/1024/768/202601-e9abc6757dd14a7ca0cf7346323e5dd4.jpg https://imagesdl.dealercenter.net/1024/768/202601-8c3289b9dcb44b38b713702ef92fd915.jpg https://imagesdl.dealercenter.net/1024/768/202601-81adf87fb83e4bd08031bb283c9fb059.jpg https://imagesdl.dealercenter.net/1024/768/202601-3148e3c854e446d28b62b32dcef1c1b4.jpg https://imagesdl.dealercenter.net/1024/768/202601-13adbebad982454f9a005be2a43623b3.jpg https://imagesdl.dealercenter.net/1024/768/202601-2bf6f1dad34f4f6aa38a6d969bfda600.jpg https://imagesdl.dealercenter.net/1024/768/202601-756ee9616b9c4c2bacde8ba91bdfd75f.jpg https://imagesdl.dealercenter.net/1024/768/202601-2982e4b6c29c4474bf431940ba465bfb.jpg https://imagesdl.dealercenter.net/999/768/202601-c609f229c2c844eba0b19c39471fb101.jpg https://imagesdl.dealercenter.net/1024/768/202601-ba0d96925c3245d6b07961331ed40d21.jpg,2017 Audi Q3 Quattro Premium SportExceptionally well maintainedEven the timing chain was replaced not long ago120k milesFreshly detailedClean titleClean CarfaxNo accidentsRuns and drives like newOne of best Q3 on the market.Ready to go,Electronic Stability Control Hill Descent Control Traction Control CD/MP3 (Single Disc) SiriusXM Satellite Heated Seats Alloy Wheels Backup Camera Bluetooth Wireless Keyless Start Side Air Bags Cruise Control ABS (4-Wheel) Daytime Running Lights AM/FM/HD Radio F&R Head Curtain Air Bags 4-Cyl Turbo 2.0 Liter Dual Air Bags Electromechanical Steering Alarm System Power Door Locks Air Conditioning AWD Fog Lights F&R Parking Sensors Rear Spoiler Xenon Headlamps Auto 6-Spd w/Tiptronic Leather Dual Power Seats Power Windows Tilt & Telescoping Wheel Panorama Roof,1/15/2026 5:25:37 PM
5TBDT44186S506239,2006,Toyota,Tundra Double Cab,SR5 Pickup 4D 6 1/2 ft,204173,7499,Gray,,Automatic,https://imagesdl.dealercenter.net/1024/768/202601-8e8bfd0cb77241a08ff057a7fbdd17c4.jpg https://imagesdl.dealercenter.net/1024/768/202601-505c62b03d6d4a20bf7e23cf7e233334.jpg https://imagesdl.dealercenter.net/1024/768/202601-0fd2a27b8a174e7380c86acfdb56e297.jpg https://imagesdl.dealercenter.net/1024/768/202601-27822bc59efd4018b56750a870acbafa.jpg https://imagesdl.dealercenter.net/1024/768/202601-f98cfe44d3df4605bb0ba62cce1e4c46.jpg https://imagesdl.dealercenter.net/1024/768/202601-aa682b6153cd4087ad032551b3231d2e.jpg https://imagesdl.dealercenter.net/1024/768/202601-671f1a21b4d647b1be3da11f9bfe5c88.jpg https://imagesdl.dealercenter.net/1024/768/202601-69dab763aadb46dfbab81e84bc918bb7.jpg https://imagesdl.dealercenter.net/1024/768/202601-b9b75a9aba5a4a2f9f6a3cd36036df5c.jpg https://imagesdl.dealercenter.net/1024/768/202601-2b9bcb1322e245a2b762cdb9b5effc61.jpg https://imagesdl.dealercenter.net/1024/768/202601-00ac27bb3bae41c2aaf7178b5e72dbdb.jpg https://imagesdl.dealercenter.net/1024/768/202601-dcd92e75ccec4ffe914fa1a8c622be61.jpg https://imagesdl.dealercenter.net/1024/768/202601-cc9e8cc0cb664d0e9b515db3e2fc977a.jpg https://imagesdl.dealercenter.net/727/768/202601-459e8a78cc1e4802a1e72a8b906d3e35.jpg,2006 TOYOTA TUNDRA DARRELL WALTRIP EDITION 4 DOOR EXTENDED CAB PICKUPIn excellent mechanical conditionStrong  reliable V8 EngineClean title no accident reportedRuns and drives greatRegularly maintainedGood maintenance historyIt was in California until 2015 then New England areaFrame has surface rust but no rot or anything4x4 works fineGood tires  nice rimsTow hitchCons; it has a dent in the backside and missing trunk latch,CD/MP3 (Single Disc) Towing Pkg Cruise Control Power Windows Automatic Power Door Locks Dual Air Bags Steel Wheels Cassette Air Conditioning V8 4.7 Liter Power Steering 4WD Tilt Wheel ABS (4-Wheel) AM/FM Stereo,1/14/2026 4:21:22 PM
19XFB2F58CE300111,2012,Honda,Civic,LX Sedan 4D,105169,8200,Black,,Automatic  5-Spd,https://imagesdl.dealercenter.net/1024/768/202601-ccbc84cb63f44ef485a6657d764823b3.jpg https://imagesdl.dealercenter.net/1024/768/202601-4af9ad45064843a6b933e0a0c2fecedc.jpg https://imagesdl.dealercenter.net/1024/768/202601-5ee85f4ada1f40358f0e623ce511d53d.jpg https://imagesdl.dealercenter.net/1024/768/202601-79a62d8a9c264e78bf5818b3f7f1a909.jpg https://imagesdl.dealercenter.net/1024/768/202601-d313b5e4f8354582849f0bd35544512f.jpg https://imagesdl.dealercenter.net/1024/768/202601-c494663581164830a3513e32b36f0111.jpg https://imagesdl.dealercenter.net/1024/768/202601-7ed4b01860e94d4b902bb1668d2fd096.jpg https://imagesdl.dealercenter.net/1024/768/202601-d564e87828a343e4b6f9cf2b7e8ded1b.jpg https://imagesdl.dealercenter.net/1024/768/202601-80c18665e36e415da058dfac160082e9.jpg https://imagesdl.dealercenter.net/1024/768/202601-4eb31600ab104dff8956db772c06481f.jpg https://imagesdl.dealercenter.net/1024/768/202601-fda03f813f5f4eab9620f707aa1c7e69.jpg https://imagesdl.dealercenter.net/1024/768/202601-4ef404ff122b40b7bf921b879fb0478e.jpg https://imagesdl.dealercenter.net/1024/768/202601-c35da96c014a429982881a639fe317b8.jpg https://imagesdl.dealercenter.net/1024/768/202601-bc8a2bc10a0c4eab9d282cd68a3e8f76.jpg https://imagesdl.dealercenter.net/1024/768/202601-1249bf3575eb456bbf66603d083ceb9f.jpg https://imagesdl.dealercenter.net/1024/768/202601-dbca1044be72447f9c2380999228810b.jpg https://imagesdl.dealercenter.net/1024/768/202601-7e3a931643a44e51a3991e5575e89072.jpg https://imagesdl.dealercenter.net/989/768/202601-81597fc92dec4ffea651c2c6bec71d4b.jpg,Low miles Honda Civic LXClean titleIn great shape  well maintainedClean interior and exteriorIt has remote start2 keysRuns and drives great and needs nothing,Alloy Wheels F&R Head Curtain Air Bags Dual Air Bags FWD Power Steering Power Door Locks 4-Cyl VTEC 1.8 Liter Cruise Control Power Windows Tilt & Telescoping Wheel AM/FM Stereo ABS (4-Wheel) Anti-Theft System Stability Control Keyless Entry Automatic 5-Spd Air Conditioning CD/MP3 (Single Disc) Traction Control Side Air Bags Daytime Running Lights,1/15/2026 5:45:38 PM
JHMGE882X9C002708,2009,Honda,Fit,Hatchback 4D,66150,6800,Red,,Automatic  5-Spd w/Overdrive,https://imagesdl.dealercenter.net/1024/768/202601-becfb7da8e7b4165a2a50e3458b896c4.jpg https://imagesdl.dealercenter.net/1024/768/202601-92329a2d33784c82b23e29191d856d43.jpg https://imagesdl.dealercenter.net/1024/768/202601-5f6f7781347c4d2886ad8a74ac79ceb2.jpg https://imagesdl.dealercenter.net/1024/768/202601-fceeb049892944a2b8c6fc32c81c7a2c.jpg https://imagesdl.dealercenter.net/1024/768/202601-cc2be07f22a84125bb55512b7ac9e971.jpg https://imagesdl.dealercenter.net/1024/768/202601-68d01456c109432b8464da66398bbb9b.jpg https://imagesdl.dealercenter.net/1024/768/202601-046f8a172d274c3f8182b319d4181774.jpg https://imagesdl.dealercenter.net/1024/768/202601-5d74baff92d4461e927caf7b20d43602.jpg https://imagesdl.dealercenter.net/1024/768/202601-ba046a4c452f44b592ad2f8eca23a774.jpg https://imagesdl.dealercenter.net/1024/768/202601-78cad980630f43afbe67ddaf022fcc19.jpg https://imagesdl.dealercenter.net/1024/768/202601-2465deb655514dc2860497cbfba47302.jpg https://imagesdl.dealercenter.net/1024/768/202601-ae3b1d9b278b4f04810cb8ff9e4c5eb6.jpg https://imagesdl.dealercenter.net/1024/768/202601-b0cca1340f3440a09be4532a526f05ab.jpg https://imagesdl.dealercenter.net/1024/768/202601-79fb98558cc043a39d6c0259fbf3f3e2.jpg https://imagesdl.dealercenter.net/1024/768/202601-72f9c11aaa1a47d1aa041335aee2f1f6.jpg https://imagesdl.dealercenter.net/1024/768/202601-319afb1ce4154b97901ab17d40f04fdb.jpg https://imagesdl.dealercenter.net/1024/768/202601-23c359ae7f924b3780ff6dcb962641a8.jpg,Honda Fit with only 66k original milesClean title ?Runs and drives greatDoesn't need anythingBeautiful red colorClean exterior and interiorReady to goNo rust issues  clean undercarriageCome for a test drive  it's not gonna last long. Hard to find low mileage and rust free one like this. First come first serve,FWD Power Windows Air Conditioning Automatic 5-Spd w/Overdrive CD/MP3 (Single Disc) Dual Air Bags Tilt & Telescoping Wheel Power Door Locks AM/FM Stereo Power Steering Side Air Bags 4-Cyl VTEC 1.5 Liter ABS (4-Wheel),1/14/2026 4:30:46 PM
JTDZN3EU8C3111887,2012,Toyota,Prius v,Two Wagon 4D,151580,7650,Black,,Automatic  CVT,https://imagesdl.dealercenter.net/1024/768/202601-db6fb8d0370d4d8fb8978123fe0e5065.jpg https://imagesdl.dealercenter.net/1024/768/202601-fbd68a96bc8c449583291ba13c413275.jpg https://imagesdl.dealercenter.net/768/768/202601-6ba8c0e261ee4d32b2cc4c1b4e78664d.jpg https://imagesdl.dealercenter.net/1024/768/202601-0a4e20b143924cc19186ffb0a6965b5e.jpg https://imagesdl.dealercenter.net/1024/768/202601-0f42986651934e409372f9425c1b1424.jpg https://imagesdl.dealercenter.net/1024/768/202601-baaffef9e9e945aea3750c93fdbab333.jpg https://imagesdl.dealercenter.net/1024/768/202601-72415929f9b54ae0adb84a6306b23309.jpg https://imagesdl.dealercenter.net/768/768/202601-3dab79a896ef458b8712f29c429addeb.jpg https://imagesdl.dealercenter.net/768/768/202601-e8f4800f2470432bb2c79baabab5d369.jpg https://imagesdl.dealercenter.net/1024/768/202601-a994cfdff05b4e199a817a6225977829.jpg https://imagesdl.dealercenter.net/768/768/202601-77216a135eea42f78c0e3e8259b38e96.jpg https://imagesdl.dealercenter.net/1024/768/202601-4eec6c14131f4fefb96b94ccd33b3bc6.jpg https://imagesdl.dealercenter.net/1024/768/202601-bdd528c59de54e628b1223f5ae279e0b.jpg https://imagesdl.dealercenter.net/1024/768/202601-8172edb8261f4264b611e4ba0ea7714f.jpg https://imagesdl.dealercenter.net/768/768/202601-58e5f631cf664c7a9293c07cb2019703.jpg https://imagesdl.dealercenter.net/1024/768/202601-5d030201a34a4755b13b63811ab99cdb.jpg https://imagesdl.dealercenter.net/768/768/202601-81667dd8aece470d99e67f3876c7b286.jpg https://imagesdl.dealercenter.net/768/768/202601-e5f071b0ee36436184a3678459d5baa1.jpg https://imagesdl.dealercenter.net/1024/768/202601-c93c3c73cead4942ab17cb0bf822c422.jpg https://imagesdl.dealercenter.net/1024/768/202601-bef87b717bba4db48dd87d96e2b5754a.jpg,2012 Toyota Prius V Clean title ?  One owner and meticulously maintained  Great tires and Oem rims  Clean interior and exterior  Runs and drives good Strong engine  transmission and hybrid Great mpg  gas saver spacious car Usb aux connection Rear camera and navigation  Sharp looking Prius  come for a test drive today ,Rear Spoiler Traction Control Anti-Theft System Power Steering Tilt & Telescoping Wheel Backup Camera Side Air Bags AM/FM Stereo Power Seat F&R Head Curtain Air Bags Power Door Locks Automatic CVT Bluetooth Wireless Keyless Start Dual Air Bags Power Windows Stability Control Alloy Wheels ABS (4-Wheel) Hill Start Assist Control CD/MP3 (Single Disc) Cruise Control 4-Cyl Hybrid 1.8 Liter FWD Air Conditioning,1/15/2026 5:20:47 PM
2LNHM82W88X632728,2008,Lincoln,Town Car,Signature Limited Sedan 4D,134650,3900,Silver,,Automatic  4-Spd w/Overdrive,https://imagesdl.dealercenter.net/1024/768/202601-28457368da5d4d2eb4f5894284aaf1ae.jpg https://imagesdl.dealercenter.net/1024/768/202601-6f3efbfed58a45c3a7295568e2df58f5.jpg https://imagesdl.dealercenter.net/1024/768/202601-76bd85f1bb374420ad29709b70f0470d.jpg https://imagesdl.dealercenter.net/1024/768/202601-9f171f08c1684782a2cdc7c27260cde4.jpg https://imagesdl.dealercenter.net/1024/768/202601-9bb573f8f4984931bf65eee692cc5913.jpg https://imagesdl.dealercenter.net/1024/768/202601-ef791b67e11b4d45947335869adf2793.jpg https://imagesdl.dealercenter.net/1024/768/202601-2f28205561274badb39e1c0f5b6b821e.jpg https://imagesdl.dealercenter.net/1024/768/202601-65dcb3a146b04c279459ddc90aadc452.jpg https://imagesdl.dealercenter.net/1024/768/202601-2f91fefe16d84fdaaf8de648a82cf2ec.jpg https://imagesdl.dealercenter.net/1024/768/202601-6b652f8650ea413eb7650d55c3101274.jpg https://imagesdl.dealercenter.net/1024/768/202601-fcc71027b52a427d89a12b726af2e948.jpg https://imagesdl.dealercenter.net/1024/768/202601-2a6dd0889e944d5ba8bdfa74a9e735f9.jpg https://imagesdl.dealercenter.net/1024/768/202601-153ccf9fa8734443bf255abd90ef058c.jpg https://imagesdl.dealercenter.net/1024/768/202601-79aca6adc47842efbcb29b2184ab3188.jpg https://imagesdl.dealercenter.net/1024/768/202601-7e0878107b72446394a0a6ccc857113e.jpg https://imagesdl.dealercenter.net/1024/768/202601-0638e2f4b6794dc8b6b7b5ac337fa765.jpg https://imagesdl.dealercenter.net/1024/768/202601-306c4a9a4db04812aaa55cb60a1bd32b.jpg https://imagesdl.dealercenter.net/1024/768/202601-836ab966c3cf414082d1e1320aade7ad.jpg,2008 Lincoln Town Car Signature LimitedV8 strong engineClean interior and exteriorOne of the most comfortable and fun rideSpacious interior and trunkUpgraded Bluetooth connection radioOriginal radio is availableLeather seats are very comfortable and in great shapeIt has some body imperfections  it may need new battery and spark plug replacement. It is priced accordingly,Alloy Wheels Traction Control RWD CD/MP3 (Multi Disc) Power Steering Dual Power Seats Cassette Tilt Wheel Power Door Locks Air Conditioning Automatic 4-Spd w/Overdrive Power Windows Dual Air Bags Anti-Theft System Parking Sensors V8 4.6 Liter Side Air Bags AM/FM Stereo ABS (4-Wheel) Audiophile Sound Leather Cruise Control,1/14/2026 6:10:38 PM
2T1BR32E14C251159,2004,Toyota,Corolla,S Sedan 4D,147100,4100,Silver,,Automatic,https://imagesdl.dealercenter.net/1024/768/202601-47c541bbd62d4d3e854020a7792aaf32.jpg https://imagesdl.dealercenter.net/1024/768/202601-bc46ea8cdf1e49aa8c633eb62df88d8a.jpg https://imagesdl.dealercenter.net/1024/768/202601-9abde788b67843a287e05bb52b55a94b.jpg https://imagesdl.dealercenter.net/1024/768/202601-e5efdef9976a4239a8f2352ea68b4a59.jpg https://imagesdl.dealercenter.net/1024/768/202601-0d3f4f2e53994adfb726d379adb70442.jpg https://imagesdl.dealercenter.net/1024/768/202601-8cc43f0912ed4f61ba6b7d02da455247.jpg https://imagesdl.dealercenter.net/1024/768/202601-2390ffd11a4f4b978959893941d731bd.jpg https://imagesdl.dealercenter.net/1024/768/202601-14f0a71b664d4d03aca2e50f31b6d679.jpg https://imagesdl.dealercenter.net/1024/768/202601-13265d8f885a4f99b2742589dc6ec9cd.jpg https://imagesdl.dealercenter.net/1024/768/202601-2f641781ab3d4f238d75a350bff37fc9.jpg https://imagesdl.dealercenter.net/1024/768/202601-0c71d67a20834b29883a3039dc18cd23.jpg https://imagesdl.dealercenter.net/1024/768/202601-5c91f96463324ad9aa7f711244d2349e.jpg https://imagesdl.dealercenter.net/1024/768/202601-2e2d2fa730df4eda8717ce23188be518.jpg https://imagesdl.dealercenter.net/1024/768/202601-7103fdfaa50540e5ad379fa8ffb04e0e.jpg https://imagesdl.dealercenter.net/1024/768/202601-f57a36ffcb8641968e6768bb2cef5e2c.jpg https://imagesdl.dealercenter.net/1024/768/202601-72ccd1f4761a4c81aa12497aed0bf09d.jpg https://imagesdl.dealercenter.net/1024/768/202601-6089219e8e134679a612ebb6cf167eec.jpg https://imagesdl.dealercenter.net/1024/768/202601-6cc9f1138d654a4b8935d6ac8ad111ea.jpg https://imagesdl.dealercenter.net/1024/768/202601-c0dff02596bd4c4aab9010def384172f.jpg https://imagesdl.dealercenter.net/1024/768/202601-569f31e898a54e1295b95066c5d2f577.jpg https://imagesdl.dealercenter.net/1024/768/202601-4649760ed8414cf8a3652f30e90fb317.jpg https://imagesdl.dealercenter.net/1014/768/202601-d69fd9cd2bcd493e8598413e37f95b6b.jpg,2004 Toyota Corolla LeClean title ?No accident reportedDent on left front fender and scratch on right front doorRuns and drives greatNo warning lights on dashboardVery well maintainedAffordable and reliable ToyotaProfessionally detailed interior and exteriorIt has great Michelin tiresCome for a test drive,FWD Automatic Alloy Wheels AM/FM Stereo Tilt Wheel Dual Air Bags Power Door Locks Power Windows ABS (4-Wheel) 4-Cyl 1.8 Liter Air Conditioning Cruise Control Power Steering CD/MP3 (Single Disc),1/14/2026 9:15:54 PM
4T3B6RFV3NU097275,2022,Toyota,RAV4 Hybrid,XLE Premium Sport Utility 4D,136250,24000,Grey,,Automatic  ECVT,https://imagesdl.dealercenter.net/1024/768/202601-3746beb672ba4f44a30cf98786c9805d.jpg https://imagesdl.dealercenter.net/1024/768/202601-33e8fc33387d4782b56c3a495ea0fa60.jpg https://imagesdl.dealercenter.net/1024/768/202601-8c0818fd19384aa9bc89f83d6de1ea75.jpg https://imagesdl.dealercenter.net/1024/768/202601-d9f73e6c1aa245138a9834cbeb6f478e.jpg https://imagesdl.dealercenter.net/1024/768/202601-fba5a4d389c647ea8bcc9696444d8f9e.jpg https://imagesdl.dealercenter.net/1024/768/202601-d5d9a11f80104fa2b54699892ce5622d.jpg https://imagesdl.dealercenter.net/1024/768/202601-53e59d167dcb4044824419dc1517fccd.jpg https://imagesdl.dealercenter.net/1024/768/202601-ce5a599374084c379145b4801ac2a323.jpg https://imagesdl.dealercenter.net/1024/768/202601-70a23cd2ba1144608067ce9bbb7101e5.jpg https://imagesdl.dealercenter.net/1024/768/202601-adf5b4a5531943a78855fa45e678d17b.jpg https://imagesdl.dealercenter.net/1024/768/202601-93bf8593e04a4222b7eaf416f65a1918.jpg https://imagesdl.dealercenter.net/1024/768/202601-9ddfdabb0c4f42d88455e95272087165.jpg https://imagesdl.dealercenter.net/1024/768/202601-0495cccdd4e44d79917136b7dd39d95e.jpg https://imagesdl.dealercenter.net/1024/768/202601-64dfd07f559b4d8ab841e7bb31071ebd.jpg https://imagesdl.dealercenter.net/1024/768/202601-b33a8101961a47a6ae7b5dae4dd7cac2.jpg https://imagesdl.dealercenter.net/1024/768/202601-d1b545cde3854b50bafee11bf2baf388.jpg https://imagesdl.dealercenter.net/1024/768/202601-8b03694f9ab04fcbaa97196f2c7fc7dc.jpg https://imagesdl.dealercenter.net/1024/768/202601-053ab204d5ff4a948730b2a6522e1f25.jpg https://imagesdl.dealercenter.net/1024/768/202601-6280ddcf126242c3860b898a9bad326f.jpg https://imagesdl.dealercenter.net/1024/768/202601-f062592639ac493e952a7fe8b6c786fc.jpg https://imagesdl.dealercenter.net/944/768/202601-91ef618b88cc4a4781237f789641eb5f.jpg https://imagesdl.dealercenter.net/944/768/202601-513791d76d24478dbdcde8fdac24de7f.jpg,2022 TOYOTA RAV4 HYBRID XLE PREMIUMExcellent SUV with loaded trimHybrid ride gets 45+ mpgAll wheel driveVery well maintained like a brand new carClean titleAdaptive cruise  lane keep assistant  blind spot monitor  adaptive headlights  heated steering wheels and leather seatsNew tires will be installedNo online negotiationsSchedule a test drive now,Knee Air Bags Power Liftgate Release Hill Start Assist Control Power Door Locks Alloy Wheels Power Seat SiriusXM Satellite Tilt & Telescoping Wheel Lane Departure Warning System AWD Power Steering Side Air Bags Daytime Running Lights Bluetooth Wireless AM/FM Stereo Traction Control Safety Connect F&R Head Curtain Air Bags LED Headlamps Dynamic Cruise Control Backup Camera Push Button Start Roof Rails Power Windows Air Conditioning 4-Cyl Hybrid 2.5 Liter Moon Roof ABS (4-Wheel) Keyless Entry Enhanced Stability Control Fog Lights Dual Air Bags Rear Spoiler Blind-Spot Monitor Automatic ECVT,1/14/2026 6:30:33 PM
5TDBK3EH1BS046097,2011,Toyota,Highlander,SE Sport Utility 4D,143009,8790,Black,,Auto  5-Spd w/OD & Seq Md,https://imagesdl.dealercenter.net/1024/768/202601-7f62ebd8f0cd47b88cc5df4dc4569aed.jpg https://imagesdl.dealercenter.net/1024/768/202601-17e2ef529675409e951da68a0720a81b.jpg https://imagesdl.dealercenter.net/1024/768/202601-b3a17bb72b3a44618645b10b32ed8b53.jpg https://imagesdl.dealercenter.net/1024/768/202601-4282c84ccbdc439dbc3f6af0161a4882.jpg https://imagesdl.dealercenter.net/1024/768/202601-9a585bd939874e3ca8fcad3d0b2af0b4.jpg https://imagesdl.dealercenter.net/1024/768/202601-1c62941d5b3a468faeaa863c8f97df5e.jpg https://imagesdl.dealercenter.net/1024/768/202601-9411a3b9e0f442d491a905400e19246a.jpg https://imagesdl.dealercenter.net/1024/768/202601-2a164dece8fa4b9d9ee68479f1bc71ff.jpg https://imagesdl.dealercenter.net/1024/768/202601-56a5a9404c2643c6809c5ac897ee4dfe.jpg https://imagesdl.dealercenter.net/1024/768/202601-fc241eb39c9e47e3b06e8eb091de2929.jpg https://imagesdl.dealercenter.net/1024/768/202601-0fdb4375f37948d68043dd5e6fe21b1b.jpg https://imagesdl.dealercenter.net/1024/768/202601-71ec967e4ae34d2a9a7edae41ee05cd6.jpg https://imagesdl.dealercenter.net/1024/768/202601-5e752b8277a4455aaa77317e2c98c389.jpg https://imagesdl.dealercenter.net/1024/768/202601-09feffb9d8ec465b917dac5e57dca815.jpg https://imagesdl.dealercenter.net/1024/768/202601-950389e359764b45a7801979e5f1dfa9.jpg https://imagesdl.dealercenter.net/1024/768/202601-55e00ae8baf24ede856eaa970f8f5c91.jpg https://imagesdl.dealercenter.net/1024/768/202601-791aab795b344768b844ff42329713d1.jpg https://imagesdl.dealercenter.net/1024/768/202601-d53052e21c834f138a81cf840222e04f.jpg https://imagesdl.dealercenter.net/768/768/202601-bc2f82a53eb04220967a98011fd71103.jpg https://imagesdl.dealercenter.net/1006/768/202601-315610b9ad4b4c2d8e806438cfefba59.jpg,2011 Toyota HighlanderIn excellent mechanical conditionClean titleClean carfaxNo accident reportedProfessionally detailed interior and exteriorSmall damage on front bumperReady to go143k miles,ABS (4-Wheel) Heated Seats Tilt & Telescoping Wheel Keyless Entry Auto 5-Spd w/OD & Seq Md Power Seat Traction Control Fog Lights Leather XM Satellite Side Air Bags Cruise Control Power Windows Power Steering Third Row Seat Hill Start Assist Control Towing Pkg Moon Roof CD/MP3 (Single Disc) Air Conditioning Rear Daytime Running Lights Air Conditioning Backup Camera F&R Head Curtain Air Bags AM/FM Stereo Power Door Locks Alloy Wheels V6 3.5 Liter AWD Downhill Assist Control Stability Control Dual Air Bags,1/14/2026 3:41:54 PM
2G1WG5EK6B1145377,2011,Chevrolet,Impala,LT Sedan 4D,87595,5880,White,,Automatic  4-Spd w/Overdrive,https://imagesdl.dealercenter.net/1024/768/202601-d5667ca4cf914b178c07bbc8347831d9.jpg https://imagesdl.dealercenter.net/1024/768/202601-6550f24d275546089cdb0d8edb6cc891.jpg https://imagesdl.dealercenter.net/1024/768/202601-766bb8c7d1544f13aa002ede9ceb8980.jpg https://imagesdl.dealercenter.net/1024/768/202601-251af3b798c14492ab1b66930b718775.jpg https://imagesdl.dealercenter.net/1024/768/202601-7b2d5c42eac64a519ab3a7d6c7369e6b.jpg https://imagesdl.dealercenter.net/1024/768/202601-28a96f873b48489aa4adaa751732e981.jpg https://imagesdl.dealercenter.net/1024/768/202601-06cc3ec7946b4a848cffd42f2ce6b436.jpg https://imagesdl.dealercenter.net/1024/768/202601-cfecca8cec4a4613acd7a7bd1df42b93.jpg https://imagesdl.dealercenter.net/1024/768/202601-450200c0a652484c8f9355cc5d7faa42.jpg https://imagesdl.dealercenter.net/1024/768/202601-53aad1ea91db4c11a7ad068d8f48238d.jpg https://imagesdl.dealercenter.net/1024/768/202601-1859013043234d78b46f810ebe6edb94.jpg https://imagesdl.dealercenter.net/1024/768/202601-29afab20c8f541af9cd1de3d09e59baa.jpg https://imagesdl.dealercenter.net/1024/768/202601-8ec1a02bbeec45639929144fdf12b477.jpg https://imagesdl.dealercenter.net/1024/768/202601-1ced059e9c70436c82bbb52b90ff1c61.jpg https://imagesdl.dealercenter.net/1024/768/202601-fb2dfb6e486b4afcacfaf774b46719d2.jpg https://imagesdl.dealercenter.net/1024/768/202601-c82ecc66fd434b9abec78bc877010789.jpg https://imagesdl.dealercenter.net/1024/768/202601-18ab3123fbdd48bea313609e121ab5ba.jpg https://imagesdl.dealercenter.net/1024/768/202601-60229f92a85f4a1c810c4ed2d2280fe6.jpg,2011 Chevy ImpalaOnly 87k milesClean title ?Clean interior and exteriorOn of the most comfortable high way rideNew steering pumpGood tires and Oem rimsSpacious interior and trunkFeel free to check in person or show it to your mechanic,Power Steering FWD CD/MP3 (Single Disc) ABS (4-Wheel) Keyless Start Power Door Locks Daytime Running Lights Fog Lights OnStar Power Seat Stability Control F&R Head Curtain Air Bags XM Satellite Air Conditioning Cruise Control Keyless Entry Power Windows AM/FM Stereo Traction Control Side Air Bags Alloy Wheels Tilt Wheel V6 Flex Fuel 3.5 Liter Dual Air Bags Automatic 4-Spd w/Overdrive,1/14/2026 4:09:55 PM
2T3BF4DVXAW027580,2010,Toyota,RAV4,Sport Utility 4D,139750,7490,Gold,,Automatic  4-Spd w/Overdrive,https://imagesdl.dealercenter.net/1024/768/202601-6a12f1c0723a42faa1d21fbfef2e01bc.jpg https://imagesdl.dealercenter.net/1024/768/202601-b7b1b50f1cc847d39d18e470f3588052.jpg https://imagesdl.dealercenter.net/768/768/202601-d462a1b7b4ea454bbd239dad5a1f5c12.jpg https://imagesdl.dealercenter.net/1024/768/202601-217990dc2039455fb5f77c28d1cb37ca.jpg https://imagesdl.dealercenter.net/1024/768/202601-74dda71fbe24412bba7e8e36b958e95a.jpg https://imagesdl.dealercenter.net/768/768/202601-7bf464b2f7d8446ba6cf7bc10d056f48.jpg https://imagesdl.dealercenter.net/1024/768/202601-984bbba1151542e9b9b174d390ffbfbb.jpg https://imagesdl.dealercenter.net/1024/768/202601-5f7ad091aa9c4fa2b77fcc70de2f4fac.jpg https://imagesdl.dealercenter.net/1024/768/202601-e8706dca1b53455d879a97c60eb01bb0.jpg https://imagesdl.dealercenter.net/1024/768/202601-065b7c2a6a8948e4b00e8d6beac2166d.jpg https://imagesdl.dealercenter.net/1024/768/202601-3f84e89fcd2b4850a6a20dd99e9015c7.jpg https://imagesdl.dealercenter.net/1024/768/202601-17d12e3c10034c55975db87ebcfa9b01.jpg https://imagesdl.dealercenter.net/768/768/202601-48fc32ee28c04310aec5c9a5a396fdbf.jpg https://imagesdl.dealercenter.net/768/768/202601-911e9593a369449892fdc358e0a09bbf.jpg https://imagesdl.dealercenter.net/1024/768/202601-73991641117c46529fb8b053770e60b2.jpg https://imagesdl.dealercenter.net/768/768/202601-16335101b33d4f148f7f0a3ad80bfcab.jpg https://imagesdl.dealercenter.net/1024/768/202601-382428b1f7004cb4b154bfaa0fe06371.jpg https://imagesdl.dealercenter.net/1024/768/202601-e91b679f38d1423ba6a8a69e7cda15d5.jpg https://imagesdl.dealercenter.net/1022/768/202601-6e854a4cde9d49619f64c5e440dea558.jpg,2010 Rav4 with 139k milesClean title and clean carfax ?Runs and drives greatNeeds nothing  ready to goClean interior and exteriorVery well maintainedGood tiresSpacious trunk4wd for good performance in winter conditionsFeel free to check in person or show it to your mechanic,Keyless Entry Power Steering Steel Wheels Power Door Locks Anti-Theft System AM/FM Stereo F&R Head Curtain Air Bags 4WD Stability Control Rear Spoiler Traction Control Dual Air Bags Air Conditioning 4-Cyl 2.5 Liter Satellite Feature CD/MP3 (Single Disc) ABS (4-Wheel) Power Windows Automatic 4-Spd w/Overdrive Tilt & Telescoping Wheel Cruise Control Side Air Bags,1/14/2026 8:00:49 PM
JTDZN3EU6C3066609,2012,Toyota,Prius v,Two Wagon 4D,136650,8700,Black,,Automatic  CVT,https://imagesdl.dealercenter.net/1024/768/202601-8be387c7378d4ce4baea16a624419448.jpg https://imagesdl.dealercenter.net/1024/768/202601-7df348a96be6498a9cf7cc4d3f8ff4f3.jpg https://imagesdl.dealercenter.net/1024/768/202601-727a222dbf484e24b0aa7146f69876cb.jpg https://imagesdl.dealercenter.net/1024/768/202601-3c2206a3c79f462fa2992e4fc00c5a26.jpg https://imagesdl.dealercenter.net/1024/768/202601-58fe96851ca84268a408fbaa617d6cc9.jpg https://imagesdl.dealercenter.net/1024/768/202601-209b6ce539164bdc8c975d79d6042d9e.jpg https://imagesdl.dealercenter.net/1024/768/202601-a5e8db53b4a94ae088037fac14c6faca.jpg https://imagesdl.dealercenter.net/1024/768/202601-91c99fb55fb946cd8e4eeb994c417fbc.jpg https://imagesdl.dealercenter.net/1024/768/202601-7d9159d7222b4eb08ee540c23184b27b.jpg https://imagesdl.dealercenter.net/1024/768/202601-41d145d88e654424a818d03005ce2a2c.jpg https://imagesdl.dealercenter.net/1024/768/202601-8512eb0711fe49fc9f4588b71e7510f1.jpg https://imagesdl.dealercenter.net/1024/768/202601-19a1bce8934a4a87aee80bc24991c772.jpg https://imagesdl.dealercenter.net/1024/768/202601-38c1d4bd2cce4400be1d5d32a7482663.jpg https://imagesdl.dealercenter.net/1024/768/202601-126f6df8c8674978b0817736a9b9baf5.jpg https://imagesdl.dealercenter.net/1007/768/202601-c456fa069fe14cfaa5326de8461188c9.jpg https://imagesdl.dealercenter.net/1024/768/202601-e0fcc148e178479280b525aa1a1a5d12.jpg https://imagesdl.dealercenter.net/1024/768/202601-8bdde78e0341472fb7b90b0b4358dc45.jpg https://imagesdl.dealercenter.net/1024/768/202601-c5c1d8c51ace4caf80c1dd6ec6ff1b44.jpg https://imagesdl.dealercenter.net/1024/768/202601-432011e766b94928a5beca244f12519c.jpg,2012 Toyota Prius VClean title ?One owner and meticulously maintainedGreat tires and Oem rimsClean interior and exteriorRuns and drives goodStrong engine  transmission and hybridGreat mpg  gas saver spacious carUsb aux connectionRear camera and navigationSharp looking Prius  come for a test drive today,4-Cyl Hybrid 1.8 Liter Hill Start Assist Control Backup Camera Keyless Start FWD AM/FM Stereo Tilt & Telescoping Wheel Air Conditioning Bluetooth Wireless Anti-Theft System Automatic CVT Power Seat Cruise Control Alloy Wheels CD/MP3 (Single Disc) ABS (4-Wheel) Power Windows Rear Spoiler Side Air Bags Dual Air Bags Traction Control F&R Head Curtain Air Bags Power Steering Stability Control Power Door Locks,1/14/2026 9:10:57 PM
WDDSJ4GB9GN389938,2016,Mercedes-Benz,CLA,CLA 250 4MATIC Coupe 4D,85650,12750,Grey,,Auto  7-Spd Dbl Clutch,https://imagesdl.dealercenter.net/1024/768/202601-e095ce2c1a4c4313951feded5c55cc66.jpg https://imagesdl.dealercenter.net/1024/768/202601-deadd8f2101447f2a70371adea2e7503.jpg https://imagesdl.dealercenter.net/1024/768/202601-1e724008598c4553909ef5b8855a4274.jpg https://imagesdl.dealercenter.net/1024/768/202601-530737b9e84f476aa09b0b11613603c4.jpg https://imagesdl.dealercenter.net/1024/768/202601-a1bc50285ba740c7889ebcdd8abb48ee.jpg https://imagesdl.dealercenter.net/1024/768/202601-887cac5044a54eb38380dcb23929addd.jpg https://imagesdl.dealercenter.net/1024/768/202601-c0ea694ef1a84afbaf5ccd12825ccde4.jpg https://imagesdl.dealercenter.net/1024/768/202601-9a48cecc448748389083792fb6cd809f.jpg https://imagesdl.dealercenter.net/1024/768/202601-f6714bb8c8cd48a9a89aae161f7955b0.jpg https://imagesdl.dealercenter.net/1024/768/202601-aa2450b230cf4d6aac36bd94a5d9ef54.jpg https://imagesdl.dealercenter.net/768/768/202601-98a8e048dd5f40a790bb94095688089a.jpg https://imagesdl.dealercenter.net/1024/768/202601-432a9897ba1341239ec6639ccab2bf77.jpg https://imagesdl.dealercenter.net/1024/768/202601-05781238fdb24c41b8321d9164f62f46.jpg https://imagesdl.dealercenter.net/1024/768/202601-f0a86e7280544026bf82dcdb42f3eddd.jpg https://imagesdl.dealercenter.net/768/768/202601-29441969432e45cd8a79084e4de1945e.jpg https://imagesdl.dealercenter.net/768/768/202601-6f3dfc6597be45bcba7b5f73f80b0c6b.jpg https://imagesdl.dealercenter.net/768/768/202601-16af672d5ce640a594f5ba2796f6f9f5.jpg https://imagesdl.dealercenter.net/768/768/202601-963fc6a429fb4518bfc0d441c2b04e4f.jpg https://imagesdl.dealercenter.net/768/768/202601-54279a99f33343f492955fe2832e924b.jpg https://imagesdl.dealercenter.net/995/768/202601-447fc88cfb0d4bed9ab8cb351df15e58.jpg,Beautiful 2016 Mercedes Benz CLA 2504dr 4MATIC85k milesRuns and drives amazingClean titleWell maintainedProfessionally detailedNo issuesReady to go,Power Steering Daytime Running Lights Power Door Locks Dual Air Bags Auto 7-Spd Dbl Clutch Dual Power Seats AWD Knee Air Bags Hill Start Assist Control Alloy Wheels Stability Control Side Air Bags AM/FM/HD Radio Power Windows Alarm System 4-Cyl Turbo 2.0 Liter Bluetooth Wireless Keyless Entry Air Conditioning Traction Control CD/MP3 (Single Disc) mbrace2 Tilt & Telescoping Wheel ABS (4-Wheel) F&R Head Curtain Air Bags,1/15/2026 5:25:38 PM
JTEDW21AX60007321,2006,Toyota,Highlander,Hybrid Sport Utility 4D,171300,5491,Silver,,Automatic  CVT,https://imagesdl.dealercenter.net/1024/768/202601-950f626bbf9d4f98950818bb59236a08.jpg https://imagesdl.dealercenter.net/768/768/202601-889043ebbbee40c5a020ac0bb67d1422.jpg https://imagesdl.dealercenter.net/1024/768/202601-0ed56fb597154b8490d9ce525b743a35.jpg https://imagesdl.dealercenter.net/1024/768/202601-bbfa3fdcb8334059bd7b8db17f85cc01.jpg https://imagesdl.dealercenter.net/768/768/202601-2987e713c93f4037b6c4091691f216d1.jpg https://imagesdl.dealercenter.net/1024/768/202601-a19a3568e2ad4f46826d6da9438b53d0.jpg https://imagesdl.dealercenter.net/1024/768/202601-860a0f5e5e1b45e4b33c7caec109fe6d.jpg https://imagesdl.dealercenter.net/768/768/202601-77f29a2fd9c540eeb271fb206af8820f.jpg https://imagesdl.dealercenter.net/1024/768/202601-15c6023c0d1f4a6080ffa1b927e30fac.jpg https://imagesdl.dealercenter.net/1024/768/202601-55774243b7c54169816c6269639a7086.jpg https://imagesdl.dealercenter.net/768/768/202601-e3368111e92145d58572a520a0b118d4.jpg https://imagesdl.dealercenter.net/1024/768/202601-cc90819759c44143b370866e273c6a9a.jpg https://imagesdl.dealercenter.net/1024/768/202601-59911b2c6a1841db8db1147228c820e0.jpg https://imagesdl.dealercenter.net/1024/768/202601-b7ff09c040f044749aaf390ebaaecb45.jpg https://imagesdl.dealercenter.net/1024/768/202601-e630a9979fc44ccebba6349a4854bbb0.jpg https://imagesdl.dealercenter.net/768/768/202601-3e26028186104e049c1049d170a9f267.jpg https://imagesdl.dealercenter.net/768/768/202601-942b8c1121ad48b3921592a27394167b.jpg https://imagesdl.dealercenter.net/1024/768/202601-feed45b9e7394e0daa0a00148e292507.jpg https://imagesdl.dealercenter.net/768/768/202601-7b47857bc8c6485c8e27490b56ed26ff.jpg,2006 Toyota Highlander HybridClean title ?Runs and drives goodGood tires and rimsHybrid ride gets better gas mileageElectronic heated leather seatsSunroof  tow hitchThird row 7 seaterNo warning lightsReady to go,Power Seat Traction Control ABS (4-Wheel) Stability Control Alloy Wheels Power Windows Power Steering CD/MP3 (Single Disc) Cruise Control Tilt Wheel Power Door Locks 2WD Cassette AM/FM Stereo Dual Air Bags Third Row Seat Air Conditioning Automatic CVT F&R Side Air Bags V6 Hybrid 3.3 Liter Roof Rack,1/14/2026 5:10:42 PM
JTDBL40E099057052,2009,Toyota,Corolla,S Sedan 4D,97900,7250,Green,,Automatic  4-Spd w/Overdrive,https://imagesdl.dealercenter.net/1024/768/202601-3d2133c0c26341758384f007196e9a05.jpg https://imagesdl.dealercenter.net/1024/768/202601-094d17a423c744788b2fe52f8fdee4aa.jpg https://imagesdl.dealercenter.net/1024/768/202601-4dedf88adb1446668c9a2eadd7eba6d9.jpg https://imagesdl.dealercenter.net/1024/768/202601-630ad5a659c04f65a2886c1d7036b74a.jpg https://imagesdl.dealercenter.net/1024/768/202601-e14f684c51114ae5acb46abd1111e29a.jpg https://imagesdl.dealercenter.net/1024/768/202601-dc0846c3a1f641cdb64649d41026cbda.jpg https://imagesdl.dealercenter.net/1024/768/202601-c35d810e622c49e9bcb97359536fac7e.jpg https://imagesdl.dealercenter.net/1024/768/202601-03cb4923594d43e69e0f8d6e2d7ebb29.jpg https://imagesdl.dealercenter.net/1024/768/202601-132869c6f18f41f6b2cebaac423b9d05.jpg https://imagesdl.dealercenter.net/1024/768/202601-51c2adca00a54c0bba9a24c095fa0361.jpg https://imagesdl.dealercenter.net/1024/768/202601-0a119eead651428697d4c9dcb664bdbf.jpg https://imagesdl.dealercenter.net/1024/768/202601-d9cea5d7a2924634996df3be4cb84b7f.jpg https://imagesdl.dealercenter.net/1024/768/202601-2b9fe5c92da04854bc876687c74bc195.jpg https://imagesdl.dealercenter.net/1024/768/202601-c4bdf3a6f7654f489846b7979c247ae0.jpg https://imagesdl.dealercenter.net/1024/768/202601-f89967ef958442e599c2551830001ec9.jpg https://imagesdl.dealercenter.net/1024/768/202601-ada8c3168cf540ec9911b70f4b3e5174.jpg https://imagesdl.dealercenter.net/1024/768/202601-4169e896f8c8454aa93bdeb4ee9a6bfe.jpg https://imagesdl.dealercenter.net/1024/768/202601-0c82593f7c00486f9fbc4ef78e780361.jpg,2009 Toyota Corolla LEOnly 97k milesClean title no accident reportedThere are couple scratches on the sides but nothing bad  good paint clean interior and exterior.Runs and drives great.Strong engine and transmissionReady to goSchedule a test drive now,ABS (4-Wheel) CD/MP3 (Multi Disc) Rear Spoiler Keyless Entry Anti-Theft System AM/FM Stereo Tilt Wheel Alloy Wheels Automatic 4-Spd w/Overdrive Power Steering Power Windows Daytime Running Lights Side Air Bags Cruise Control Traction Control Head Curtain Air Bags FWD Stability Control Air Conditioning Fog Lights Dual Air Bags 4-Cyl 1.8 Liter,1/15/2026 5:15:45 PM
JTEDP21A340003329,2004,Toyota,Highlander,Sport Utility 4D,141920,5099,Brown,,Automatic,https://imagesdl.dealercenter.net/1024/768/202601-01980219500d486183cbecb727c4fefc.jpg https://imagesdl.dealercenter.net/1024/768/202601-d2eb7e2d39154760ae526dce504d2bce.jpg https://imagesdl.dealercenter.net/1024/768/202601-d4a3210d951a498f8d71dddba2bab95b.jpg https://imagesdl.dealercenter.net/1024/768/202601-74e97b05fe734f859b8d3b089e6c918c.jpg https://imagesdl.dealercenter.net/1024/768/202601-d8d0600e5451422cab83480fd45663ae.jpg https://imagesdl.dealercenter.net/1024/768/202601-dbe3a27d54024b35983f632eda69bd58.jpg https://imagesdl.dealercenter.net/768/768/202601-e1727e5413a64c32803914131d6a1597.jpg https://imagesdl.dealercenter.net/1024/768/202601-9188c25d88ae496984fa6b32a5a9df72.jpg https://imagesdl.dealercenter.net/1024/768/202601-6d094597898d4142bb3acdca373bf9f1.jpg https://imagesdl.dealercenter.net/768/768/202601-25b0f8d797994b6280b27a0980139ea6.jpg https://imagesdl.dealercenter.net/1024/768/202601-e3509037eb50421fbe5fe6322308f4c1.jpg https://imagesdl.dealercenter.net/1024/768/202601-d0a41d7b1092466eb5eaea43c276e798.jpg https://imagesdl.dealercenter.net/1024/768/202601-c31799ac310b45e8b52e64cd122920db.jpg https://imagesdl.dealercenter.net/1024/768/202601-2033df9766a943648921bf61afb78235.jpg https://imagesdl.dealercenter.net/768/768/202601-238845e68e614ca9b76b9ab8d7585098.jpg https://imagesdl.dealercenter.net/768/768/202601-87543fd85f534286aef3f7976b386c51.jpg https://imagesdl.dealercenter.net/768/768/202601-d2b59842db384c42b73511955d5ec1b6.jpg https://imagesdl.dealercenter.net/1014/768/202601-84813a71b41b4694b890533aa5a46ee3.jpg,Toyota Highlander with low milesClean title141k milesStrong engine and transmissionClean interior and exteriorGood looking rims and good tiresThird row 7 seaterSunroof  electronic seats  cassette and cd playerReliable and affordable Toyota SUV in decent conditionReady for next ownerSchedule a test drive now,ABS (4-Wheel) Power Door Locks 2WD Steel Wheels Air Conditioning Cassette AM/FM Stereo V6 3.3 Liter Cruise Control Automatic Power Steering Power Windows Dual Air Bags Third Row Seat Tilt Wheel CD/MP3 (Single Disc),1/14/2026 10:40:34 PM
5FRYD4H29FB016825,2015,Acura,MDX,SH-AWD Sport Utility 4D,153600,9990,White,,Auto  6-Spd SptShft,https://imagesdl.dealercenter.net/1024/768/202601-afbebc0660ce47b98327937051bc1fdf.jpg https://imagesdl.dealercenter.net/1024/768/202601-5cc819304c4d467090a1fbd9cd7e1bdc.jpg https://imagesdl.dealercenter.net/1024/768/202601-09658ca7256a434981ed653d8264e5a3.jpg https://imagesdl.dealercenter.net/1024/768/202601-cca81d469b194816a9680e01660197f9.jpg https://imagesdl.dealercenter.net/1024/768/202601-4236552a82984f129eeac394c047ad4b.jpg https://imagesdl.dealercenter.net/1024/768/202601-8eca8b71674e44c79fce460421c185e7.jpg https://imagesdl.dealercenter.net/1024/768/202601-60ea79798a4c4de3b6e50d6005cceea1.jpg https://imagesdl.dealercenter.net/1024/768/202601-2d46d67e58954c688daf8b9a3f40dd58.jpg https://imagesdl.dealercenter.net/1024/768/202601-9e416a5505354e0ca7267dbd3dd7f977.jpg https://imagesdl.dealercenter.net/1024/768/202601-3e2ec05b28fc4679b272d09a4fd14042.jpg https://imagesdl.dealercenter.net/727/768/202601-59455d1cfb224d9cbc6fbc74a587706e.jpg https://imagesdl.dealercenter.net/1024/768/202601-b3d562940d444f77a9cd4f6ae2dd64bc.jpg https://imagesdl.dealercenter.net/1024/768/202601-131d3a46065341dcbf272ff390c83162.jpg https://imagesdl.dealercenter.net/1024/768/202601-dad6e3bd733b445c8e3eb7ed4259ca2b.jpg https://imagesdl.dealercenter.net/1024/768/202601-8d7cd5eeabb04e509a3f912887e9ac47.jpg https://imagesdl.dealercenter.net/1024/768/202601-52ff0225f94e4bdca790735e7ca66ca0.jpg https://imagesdl.dealercenter.net/1024/768/202601-0f8d81b2f40143c8ae2bd297c65307ee.jpg https://imagesdl.dealercenter.net/1024/768/202601-6082989e4f52419d90eb87889f064b24.jpg https://imagesdl.dealercenter.net/1024/768/202601-6f46b0c579534de8afca8e319213be22.jpg https://imagesdl.dealercenter.net/1024/768/202601-8b69eeeebf53480eb754f922f67a50d5.jpg,2015 Acura MdxLuxury 3rd row SUV 7 seaterClean title ?Runs and drives goodIt has almost brand new tires onGood maintenance historyFresh trade in for a brand new AcuraClean interior and exteriorHeated electronic seats are in great condition.Sunroof  navigation  rear camera  spacious trunk  separate rear climate controlFresh oil change is done ??Feel free to check in person or show it to your mechanic,ABS (4-Wheel) Tilt Wheel Side Air Bags Air Conditioning CD/MP3 (Single Disc) Rear Spoiler SiriusXM Satellite Blind-Spot Alert AM/FM Stereo Moon Roof Heated Seats Power Steering Cruise Control Auto 6-Spd SptShft LED Headlamps Navigation System Dual Power Seats Leather Technology Pkg Third Row Seat Keyless Entry Air Conditioning Rear Knee Air Bags Bluetooth Wireless Keyless Start Stability Control Traction Control F&R Head Curtain Air Bags Power Windows Power Liftgate Release V6 i-VTEC 3.5 Liter Dual Air Bags Premium Sound Power Door Locks Alarm System Multi-View R/V Camera AWD Daytime Running Lights Hill Start Assist Alloy Wheels,1/14/2026 5:10:43 PM
5J8TB4H59DL021482,2013,Acura,RDX,Sport Utility 4D,111433,11900,Black,,Auto  6-Spd w/Sptshft,https://imagesdl.dealercenter.net/1024/768/202601-9542769e049243ed883aa177bc5b9402.jpg https://imagesdl.dealercenter.net/1024/768/202601-59dec021e76e45c09806709ce6390759.jpg https://imagesdl.dealercenter.net/1024/768/202601-c0e699798d1e4cfa862d1f8e20191d98.jpg https://imagesdl.dealercenter.net/1024/768/202601-e076571e3b6a4ae397718099e0252068.jpg https://imagesdl.dealercenter.net/1024/768/202601-eb0dfa2781914f3fa808c75ef95edd05.jpg https://imagesdl.dealercenter.net/1024/768/202601-5cca5705e4964b109274bee8b5cce6cd.jpg https://imagesdl.dealercenter.net/1024/768/202601-e90adaf7b37545cda027137773a3f35d.jpg https://imagesdl.dealercenter.net/1024/768/202601-8ad3b835a79243679895ebee61fc70cc.jpg https://imagesdl.dealercenter.net/1024/768/202601-0ba917242dc14181b58a63f8413bda41.jpg https://imagesdl.dealercenter.net/1024/768/202601-6a760edda6404fdc900fd02031c3d554.jpg https://imagesdl.dealercenter.net/1024/768/202601-720bf50073664b3c8519bf750b9eb785.jpg https://imagesdl.dealercenter.net/1024/768/202601-11eecac240c34eada54f493c57f07331.jpg https://imagesdl.dealercenter.net/1024/768/202601-d19b2d34211146cebbabe5669e910ea4.jpg https://imagesdl.dealercenter.net/1024/768/202601-15072999bbc24f61a53b721e74f66c20.jpg https://imagesdl.dealercenter.net/1024/768/202601-0a3cd109f11b4cea96f3dcd55ba928fa.jpg https://imagesdl.dealercenter.net/1024/768/202601-df426777e45f4d0f931014391be3f77d.jpg https://imagesdl.dealercenter.net/1024/768/202601-b6464ef073244418a1fbd326d406fbd9.jpg https://imagesdl.dealercenter.net/1024/768/202601-18b4242a13434a2cafad4bde1cc5a6de.jpg https://imagesdl.dealercenter.net/1014/768/202601-a9a9e2188eaa4c6faae4bceb1ff84b9d.jpg,Acura Rdx in excellent shapeAll wheel drive  safer rides in winterClean title ?Black on blackClean  nice looking exterior and interiorElectronic  heated  leather seatsMeticulously maintained one owner SUVOne small fender bender from 2016It has sunroof  dual climate control back up cam  2 keys  push start good tires and oem rimsNo lights on the dashboardReady to go,Backup Camera Power Seat ABS (4-Wheel) Power Windows F&R Head Curtain Air Bags Traction Control Hill Start Assist Control Tilt & Telescoping Wheel AWD Power Steering Rear Spoiler HID Headlamps Heated Seats Auto 6-Spd w/Sptshft Dual Air Bags Cruise Control AM/FM Stereo CD/MP3 (Single Disc) Anti-Theft System Moon Roof Air Conditioning V6 3.5 Liter Side Air Bags Technology Pkg XM Satellite Stability Control Alloy Wheels Dolby ProLogic Sound Power Door Locks Leather Keyless Entry Daytime Running Lights Keyless Start Navigation System Power Liftgate Release Bluetooth Wireless,1/14/2026 4:11:42 PM
JF1GE6B61BG513438,2011,Subaru,Impreza,2.5i Premium Sedan 4D,133450,5200,Blue,,Manual  5-Spd w/Overdrive,https://imagesdl.dealercenter.net/1024/768/202601-6e5aa05f84f54c35972513f8a9139fdd.jpg https://imagesdl.dealercenter.net/1024/768/202601-eef7b684502b4531b299c9f75a41ea6b.jpg https://imagesdl.dealercenter.net/1024/768/202601-8e3836621c1140abb2e7f3fd9b1c2002.jpg https://imagesdl.dealercenter.net/1024/768/202601-b743f7ade974484aa5b0413c12fcd8db.jpg https://imagesdl.dealercenter.net/1024/768/202601-51732e7bf6d44a71839203ad31bf44ce.jpg https://imagesdl.dealercenter.net/1024/768/202601-5db3fa95806649698da7929fdfda4d58.jpg https://imagesdl.dealercenter.net/1024/768/202601-ca3dff266ef446e1a2f1dcab3120c3d5.jpg https://imagesdl.dealercenter.net/1024/768/202601-cdad7d58a86a4115b3930fd5be7047ad.jpg https://imagesdl.dealercenter.net/1024/768/202601-2c88bd81fb824d82aaba0e24d8b47f5c.jpg https://imagesdl.dealercenter.net/1024/768/202601-09c96d16360a465ab4fa4592f900d2ff.jpg https://imagesdl.dealercenter.net/1024/768/202601-c38093e366c94f588a80f04f014ae72c.jpg https://imagesdl.dealercenter.net/1024/768/202601-b1c833f4726d4185ad2f985d0cf60399.jpg https://imagesdl.dealercenter.net/1024/768/202601-0abe8eeccdd14d1e862c5d7bfb7aea9b.jpg https://imagesdl.dealercenter.net/1024/768/202601-83c2a3f480b64cd4b52167f07085285d.jpg https://imagesdl.dealercenter.net/1024/768/202601-eae68ffdfc46411eb19db57e3dcfd01c.jpg https://imagesdl.dealercenter.net/1024/768/202601-f7cb7e43438844b4b4cd49c7b001153e.jpg https://imagesdl.dealercenter.net/1024/768/202601-739a43e16f9e42ccac0075b519518186.jpg https://imagesdl.dealercenter.net/1024/768/202601-02efe144593c41c0ada4c1910c6478ad.jpg https://imagesdl.dealercenter.net/930/768/202601-8c5b73a8a75f427ca3d2b8fcf362f1bd.jpg,2011 Subaru Impreza AWDClean titleNo accident reportedClean interior and exteriorGreat maintenance recordBrand new ac compressor  steering pump and suspension partsAWD gives better and safer performance in winter conditionsStick shift manual transmissionReady to goYou can schedule a test drive now.,Side Air Bags AWD Cruise Control Keyless Entry Alloy Wheels AM/FM Stereo Traction Control Bluetooth Wireless CD/MP3 (Multi Disc) Air Conditioning Vehicle Dynamic Control Anti-Theft System ABS (4-Wheel) Satellite Feature Manual 5-Spd w/Overdrive Power Windows Dual Air Bags Hill Start Assist Moon Roof F&R Head Curtain Air Bags Daytime Running Lights Power Door Locks Tilt Wheel Power Steering 4-Cyl 2.5 Liter,1/15/2026 5:40:52 PM
JTMDFREV5FD174401,2015,Toyota,RAV4,Limited Sport Utility 4D,175550,10850,Red,,Automatic  6-Spd,https://imagesdl.dealercenter.net/1024/768/202601-535cff2dc69241dd94bdfb9bc68d1d85.jpg https://imagesdl.dealercenter.net/1024/768/202601-6daebefaa85941d4b2e310dd4370eb85.jpg https://imagesdl.dealercenter.net/1024/768/202601-f1f43a2a351d484eb1da5a7d5cdce85f.jpg https://imagesdl.dealercenter.net/1024/768/202601-ef7cc3c3dddc45e6ab8296fae41cf026.jpg https://imagesdl.dealercenter.net/1024/768/202601-39e1fc0081cb4a99bddaca4c8b7660f2.jpg https://imagesdl.dealercenter.net/1024/768/202601-dbc15437b4ae43d8ba7da490fbffd556.jpg https://imagesdl.dealercenter.net/1024/768/202601-803fb748023e4b97bc2a1d5015340dc9.jpg https://imagesdl.dealercenter.net/1024/768/202601-d7ebc0a6c5814c3cbcd08f66bc908310.jpg https://imagesdl.dealercenter.net/1024/768/202601-8a47e151a3d94b7899841024bb085445.jpg https://imagesdl.dealercenter.net/1024/768/202601-1d4518e36eb14b9ca9af0a40353c633c.jpg https://imagesdl.dealercenter.net/1024/768/202601-d0bfeecd3bce4fd6814478495cd8ba37.jpg https://imagesdl.dealercenter.net/1024/768/202601-a4219d9a9a0d48ccbaf9625c98612acf.jpg https://imagesdl.dealercenter.net/1024/768/202601-4a6de90970584e60955d3b4d5a28491c.jpg https://imagesdl.dealercenter.net/1024/768/202601-0d61c0ab6bbb4a03a66d1fbb30485eed.jpg https://imagesdl.dealercenter.net/1024/768/202601-292d919c071447b68e63a67161daeb11.jpg https://imagesdl.dealercenter.net/1024/768/202601-61104a7c4b7f4d8fa586d0178f93ff86.jpg https://imagesdl.dealercenter.net/1024/768/202601-9301643eeee449e9ac342180cfbba3ac.jpg https://imagesdl.dealercenter.net/1024/768/202601-59f85dea448546ba953c2966ffad2777.jpg https://imagesdl.dealercenter.net/1024/768/202601-ceb1ccdaf7bd413ea08cb8f08f6e8c31.jpg https://imagesdl.dealercenter.net/1014/768/202601-f5ec0637051445d2b71ad55dd8dff619.jpg,2015 Toyota RAV4 Limited AWDIn excellent condition1 Owner  Clean titleExceptional maintenance recordRuns and drives greatBlind spot monitoring and lane keep assistBack up cameraGood tires Oem rimsMoonroofHeated leather seatsEco and sport modesClean interior and exteriorNeeds nothing  ready to go,Air Conditioning CD/MP3 (Single Disc) Entune Premium Audio Power Steering Keyless Start Traction Control Power Liftgate Release AM/FM Stereo Alloy Wheels Cruise Control Fog Lights Rear Spoiler Entune Power Seat Daytime Running Lights Enhanced Stability Control SiriusXM Satellite Heated Seats F&R Head Curtain Air Bags Bluetooth Wireless Power Door Locks Backup Camera Moon Roof Tilt & Telescoping Wheel Automatic 6-Spd Power Windows Navigation System Dual Air Bags Anti-Theft System Side Air Bags ABS (4-Wheel) 4-Cyl 2.5 Liter Keyless Entry Knee Air Bags AWD,1/15/2026 5:20:51 PM
JTJHW31U360046402,2006,Lexus,RX,RX 400h Sport Utility 4D,157100,5650,Blue,,Automatic  CVT,https://imagesdl.dealercenter.net/1024/768/202601-2d27fce93027448bac9ef2b99bf2d643.jpg https://imagesdl.dealercenter.net/1024/768/202601-8d5101fae9a44d4785b8ae696c2b3753.jpg https://imagesdl.dealercenter.net/1024/768/202601-f0546ce6d16946f5b14a924cbb6dffdf.jpg https://imagesdl.dealercenter.net/1024/768/202601-ce2d115bef79421c9d8f6de79a2b0282.jpg https://imagesdl.dealercenter.net/1024/768/202601-e3b7c7d397634d1296027fa6fcf016ec.jpg https://imagesdl.dealercenter.net/1024/768/202601-6d50e5739f9e4ba283958d58160b2e7e.jpg https://imagesdl.dealercenter.net/1024/768/202601-7dedfb14677045d780ca38750bca2f00.jpg https://imagesdl.dealercenter.net/1024/768/202601-a6f9bab550284abdb735a0c43a5eb021.jpg https://imagesdl.dealercenter.net/1024/768/202601-29c86ad206bc4d50927fa1ca700e4c69.jpg https://imagesdl.dealercenter.net/1024/768/202601-2686b64390f54ae98fb558d417b3eb03.jpg https://imagesdl.dealercenter.net/1024/768/202601-dfcbee079519435788ecbbd8ee69dfd1.jpg https://imagesdl.dealercenter.net/1024/768/202601-90abef6d0f584ae686a793a752e1d29c.jpg https://imagesdl.dealercenter.net/1024/768/202601-8d3468cfb832411482b389a3e01bb2cf.jpg https://imagesdl.dealercenter.net/1024/768/202601-dfbc273b798b4390b799221fc2fa080a.jpg https://imagesdl.dealercenter.net/1024/768/202601-f98b24dde6354846864990c549292947.jpg https://imagesdl.dealercenter.net/1024/768/202601-4a1cab0bb6564ad285e2a9a1c90e8abb.jpg,Lexus Rx400hHybrid SUV with all wheel driveExcellent quality materialsClean title ? Clean carfaxNo accident reportedGreat looking interior and exteriorRuns and drives goodHybrid ride for saving gasStrong v6 engine and smooth transmissionHeated leather seats  sunroof  Oem alloy wheels  dual climate  cd and cassette player. This is one of the most reliable SUV modelFeel free to check in person or show it to your mechanic.,Power Door Locks AWD Cruise Control Traction Control Backup Camera Stability Control V6 Hybrid 3.3 Liter Dual Power Seats ABS (4-Wheel) Power Steering Power Windows CD/MP3 (Multi Disc) Alloy Wheels Dual Air Bags Side Air Bags Moon Roof Mark Levinson Sound Tilt Wheel Leather AM/FM Stereo Navigation System Air Conditioning Automatic CVT,1/14/2026 5:15:43 PM
JTHKD5BH0B2033552,2011,Lexus,CT,CT 200h Hatchback 4D,179260,7200,Yellow,,Automatic  CVT,https://imagesdl.dealercenter.net/1024/768/202601-cd9c8e42c4044967947a8e4dbb15abb4.jpg https://imagesdl.dealercenter.net/1024/768/202601-f21d1e4ca83840f9854929ec96e92ad1.jpg https://imagesdl.dealercenter.net/1024/768/202601-fa38835797b34f1ca973daac93942698.jpg https://imagesdl.dealercenter.net/1024/768/202601-08d23daec76b4655ad5a15209c3dcc10.jpg https://imagesdl.dealercenter.net/1024/768/202601-deae0d50c8724633b57565459ebf1759.jpg https://imagesdl.dealercenter.net/1024/768/202601-d8f2132f34ac4dc19aa496bac815d67d.jpg https://imagesdl.dealercenter.net/1024/768/202601-a8f26090a335425b8ee5b8480614c0de.jpg https://imagesdl.dealercenter.net/1024/768/202601-7b06ed2545f944ed895efdaea0d0b36a.jpg https://imagesdl.dealercenter.net/1024/768/202601-a76a1f48d69f4bc5a3e66c4b384bf89f.jpg https://imagesdl.dealercenter.net/1024/768/202601-0375311ea27245788f06fdae0619714a.jpg https://imagesdl.dealercenter.net/1024/768/202601-743f26710be640ef850b6758a206b914.jpg https://imagesdl.dealercenter.net/1024/768/202601-6bd9de6ac99247938e309102146c91a7.jpg https://imagesdl.dealercenter.net/1024/768/202601-1fc004c7ef294472ad09e491f07be4fc.jpg https://imagesdl.dealercenter.net/1024/768/202601-cefe8a7a093b4cb2b4be9b4ac486a739.jpg https://imagesdl.dealercenter.net/1024/768/202601-7adb826638c54e479cc4fbce97aededd.jpg https://imagesdl.dealercenter.net/1024/768/202601-c230937ab6c446a7bf1d211f32abad17.jpg,Lexus CT200hHybrid ride  gas saverNice looking car with upgradesElectronic  heated  black leather seats are very comfortableIt has sunroof and nice sound systemSport  eco  ev modesCan go over 40 mpgClean interior and exteriorVery well maintainedReady to go,Power Steering FWD Power Door Locks XM Satellite Fog Lights Daytime Running Lights Tilt & Telescoping Wheel Keyless Entry Power Windows Bluetooth Wireless Dual Air Bags F&R Side Air Bags 4-Cyl Hybrid 1.8 Liter CD/MP3 (Multi Disc) Air Conditioning Stability Control F&R Head Curtain Air Bags Automatic CVT Traction Control Knee Air Bags Power Seat Keyless Start AM/FM Stereo Alloy Wheels ABS (4-Wheel) Cruise Control Safety Connect,1/15/2026 5:45:41 PM
5NPE34AF1FH252410,2015,Hyundai,Sonata,Limited Sedan 4D,108220,8750,Blue,,Auto  6-Spd w/Shiftronic & Drive Mode Select,https://imagesdl.dealercenter.net/1024/768/202601-daa205ae7b644e88b16ce250e7f1334e.jpg https://imagesdl.dealercenter.net/1024/768/202601-8a7efbf52ca54aecbf84bd4a27fb461a.jpg https://imagesdl.dealercenter.net/1024/768/202601-9ffa82890a784985b69b26b532ef02f4.jpg https://imagesdl.dealercenter.net/1024/768/202601-e0fbdb6bf6b24be4887947b65b1de3f6.jpg https://imagesdl.dealercenter.net/1024/768/202601-a19cba1d786f404ebd80c990fe248ab0.jpg https://imagesdl.dealercenter.net/1024/768/202601-058d5a568b734ba9a1efbb74f3edfda5.jpg https://imagesdl.dealercenter.net/1024/768/202601-e58a2c539cd9451c9f399a17d7b8fbbe.jpg https://imagesdl.dealercenter.net/1024/768/202601-4d21e771aea0475791b2f17bff6c50ad.jpg https://imagesdl.dealercenter.net/1024/768/202601-8b141fee4e1e4b95bf3a38e24024f2de.jpg https://imagesdl.dealercenter.net/1024/768/202601-76c5e53335bf4802acc28998d8992a85.jpg https://imagesdl.dealercenter.net/1024/768/202601-40e9070493f649eaa4817e6b1e86acc7.jpg https://imagesdl.dealercenter.net/1024/768/202601-b35a109712fa46daa6cfcd2592d33f18.jpg https://imagesdl.dealercenter.net/1024/768/202601-dd0215a6723d45b2a0503f6529b443ff.jpg https://imagesdl.dealercenter.net/1024/768/202601-4b855e13ae554eadb99d5e664924aaca.jpg https://imagesdl.dealercenter.net/1024/768/202601-745b34378b674ca6af2169b715580570.jpg https://imagesdl.dealercenter.net/1024/768/202601-9ffb402684f7415f92360dcbce6572b8.jpg https://imagesdl.dealercenter.net/1024/768/202601-c25e4c6886d0473d9a5ed04c62931e28.jpg https://imagesdl.dealercenter.net/1024/768/202601-86d9e908f0394349ba0abe40ea063261.jpg https://imagesdl.dealercenter.net/997/768/202601-940728c9adaa4af089006303f741be64.jpg,2015 Hyundai Sonata LimitedSharp looking carClean titleHeated and cooled leather seatsHeated steering wheelSunroof  BluetoothNavigation and back up camPush start  cruise controlClean interior and exterior,Power Windows Electronic Stability Control Power Steering Knee Air Bags Traction Control Side Air Bags 4-Cyl 2.4 Liter F&R Head Curtain Air Bags Leather Blind-Spot Detection AM/FM Stereo Power Door Locks Tilt & Telescoping Wheel Bluetooth Wireless Heated Seats ABS (4-Wheel) FWD Rear Spoiler Hill Start Assist Control Anti-Theft System Dual Air Bags Auto 6-Spd w/Shiftronic & Drive Mode Select Dual Power Seats Keyless Entry Air Conditioning Backup Camera Gen 1 Blue Link Telematics Premium Sound CD/MP3 (Single Disc) Keyless Start Cruise Control SiriusXM Satellite Alloy Wheels Daytime Running Lights,1/15/2026 5:20:52 PM
2T1BU4EE1BC717010,2011,Toyota,Corolla,S Sedan 4D,141740,7100,Gold,,Automatic  4-Spd w/Overdrive,https://imagesdl.dealercenter.net/1024/768/202601-8806e9d3917c4dc3b36320dc97698db0.jpg https://imagesdl.dealercenter.net/1024/768/202601-9846c2f71bcf4a6893f614148ba66302.jpg https://imagesdl.dealercenter.net/1024/768/202601-fc674d074f5e438288977fe58c37aaa4.jpg https://imagesdl.dealercenter.net/1024/768/202601-ab36b05f09bd4e3abec347a5b8cabaf5.jpg https://imagesdl.dealercenter.net/1024/768/202601-9981c513c0844855b6bc3f298a68a221.jpg https://imagesdl.dealercenter.net/1024/768/202601-b73dd3e4d8144078b44bf04e7f077dcf.jpg https://imagesdl.dealercenter.net/1024/768/202601-de72131b277244ed898fe60cf2f0e4a0.jpg https://imagesdl.dealercenter.net/1024/768/202601-e9f0c814683c44988f6c0990b53be36b.jpg https://imagesdl.dealercenter.net/1024/768/202601-08052061586848ae879272719f3505b9.jpg https://imagesdl.dealercenter.net/1024/768/202601-6b82b30b0b994d70a67a36f8c9852f11.jpg https://imagesdl.dealercenter.net/1024/768/202601-a205953ea7d842b883ec49a43422b867.jpg https://imagesdl.dealercenter.net/1024/768/202601-eeaf36f896f747d798dafb70ba369fd7.jpg https://imagesdl.dealercenter.net/1024/768/202601-5aab195c98c143e7aa7ba902067b7a07.jpg https://imagesdl.dealercenter.net/1024/768/202601-1b2cc8d12e524540b97760426ab5fbdf.jpg https://imagesdl.dealercenter.net/1024/768/202601-e9181986305d40cc952bb3a6c718b08f.jpg https://imagesdl.dealercenter.net/1024/768/202601-c35ce0d519f54c008d853f170bc3cb6a.jpg https://imagesdl.dealercenter.net/1006/768/202601-7a00c657b80c43dba785850820bbb4cb.jpg https://imagesdl.dealercenter.net/1020/768/202601-40d74e53581d4392b330d887bf51deac.jpg,2011 Toyota Corolla LEIn excellent shape1 Owner vehicleGood looking paintClean title ?Professionally detailed interior and exteriorGreat mechanical conditionNeeds nothingNo warning lights on the dashAlmost brand new winter tires are onReady to go,Power Windows FWD Air Conditioning Keyless Entry Power Door Locks 4-Cyl 1.8 Liter AM/FM Stereo Tilt Wheel ABS (4-Wheel) F&R Head Curtain Air Bags Anti-Theft System Dual Air Bags CD/MP3 (Single Disc) Power Steering Fog Lights Traction Control Daytime Running Lights Rear Spoiler Alloy Wheels Automatic 4-Spd w/Overdrive Cruise Control Stability Control Side Air Bags,1/14/2026 6:35:38 PM
